Passengerid,Age,Fare,Sex,sibsp,Parch,Pclass,Embarked,Survived,Survived_label,Sex_label
1,22.0,7.25,0,1,0,3,2.0,0,Not Survived,Male
2,38.0,71.2833,1,1,0,1,0.0,1,Survived,Female
3,26.0,7.925,1,0,0,3,2.0,1,Survived,Female
4,35.0,53.1,1,1,0,1,2.0,1,Survived,Female
5,35.0,8.05,0,0,0,3,2.0,0,Not Survived,Male
6,28.0,8.4583,0,0,0,3,1.0,0,Not Survived,Male
7,54.0,51.8625,0,0,0,1,2.0,0,Not Survived,Male
8,2.0,21.075,0,3,1,3,2.0,0,Not Survived,Male
9,27.0,11.1333,1,0,2,3,2.0,1,Survived,Female
10,14.0,30.0708,1,1,0,2,0.0,1,Survived,Female
11,4.0,16.7,1,1,1,3,2.0,1,Survived,Female
12,58.0,26.55,1,0,0,1,2.0,1,Survived,Female
13,20.0,8.05,0,0,0,3,2.0,0,Not Survived,Male
14,39.0,31.275,0,1,5,3,2.0,0,Not Survived,Male
15,14.0,7.8542,1,0,0,3,2.0,0,Not Survived,Female
16,55.0,16.0,1,0,0,2,2.0,1,Survived,Female
17,2.0,29.125,0,4,1,3,1.0,0,Not Survived,Male
18,28.0,13.0,0,0,0,2,2.0,1,Survived,Male
19,31.0,18.0,1,1,0,3,2.0,0,Not Survived,Female
20,28.0,7.225,1,0,0,3,0.0,1,Survived,Female
21,35.0,26.0,0,0,0,2,2.0,0,Not Survived,Male
22,34.0,13.0,0,0,0,2,2.0,1,Survived,Male
23,15.0,8.0292,1,0,0,3,1.0,1,Survived,Female
24,28.0,35.5,0,0,0,1,2.0,1,Survived,Male
25,8.0,21.075,1,3,1,3,2.0,0,Not Survived,Female
26,38.0,31.3875,1,1,5,3,2.0,1,Survived,Female
27,28.0,7.225,0,0,0,3,0.0,0,Not Survived,Male
28,19.0,263.0,0,3,2,1,2.0,0,Not Survived,Male
29,28.0,7.8792,1,0,0,3,1.0,1,Survived,Female
30,28.0,7.8958,0,0,0,3,2.0,0,Not Survived,Male
31,40.0,27.7208,0,0,0,1,0.0,0,Not Survived,Male
32,28.0,146.5208,1,1,0,1,0.0,1,Survived,Female
33,28.0,7.75,1,0,0,3,1.0,1,Survived,Female
34,66.0,10.5,0,0,0,2,2.0,0,Not Survived,Male
35,28.0,82.1708,0,1,0,1,0.0,0,Not Survived,Male
36,42.0,52.0,0,1,0,1,2.0,0,Not Survived,Male
37,28.0,7.2292,0,0,0,3,0.0,1,Survived,Male
38,21.0,8.05,0,0,0,3,2.0,0,Not Survived,Male
39,18.0,18.0,1,2,0,3,2.0,0,Not Survived,Female
40,14.0,11.2417,1,1,0,3,0.0,1,Survived,Female
41,40.0,9.475,1,1,0,3,2.0,0,Not Survived,Female
42,27.0,21.0,1,1,0,2,2.0,0,Not Survived,Female
43,28.0,7.8958,0,0,0,3,0.0,0,Not Survived,Male
44,3.0,41.5792,1,1,2,2,0.0,1,Survived,Female
45,19.0,7.8792,1,0,0,3,1.0,1,Survived,Female
46,28.0,8.05,0,0,0,3,2.0,0,Not Survived,Male
47,28.0,15.5,0,1,0,3,1.0,0,Not Survived,Male
48,28.0,7.75,1,0,0,3,1.0,1,Survived,Female
49,28.0,21.6792,0,2,0,3,0.0,0,Not Survived,Male
50,18.0,17.8,1,1,0,3,2.0,0,Not Survived,Female
51,7.0,39.6875,0,4,1,3,2.0,0,Not Survived,Male
52,21.0,7.8,0,0,0,3,2.0,0,Not Survived,Male
53,49.0,76.7292,1,1,0,1,0.0,1,Survived,Female
54,29.0,26.0,1,1,0,2,2.0,1,Survived,Female
55,65.0,61.9792,0,0,1,1,0.0,0,Not Survived,Male
56,28.0,35.5,0,0,0,1,2.0,1,Survived,Male
57,21.0,10.5,1,0,0,2,2.0,1,Survived,Female
58,28.5,7.2292,0,0,0,3,0.0,0,Not Survived,Male
59,5.0,27.75,1,1,2,2,2.0,1,Survived,Female
60,11.0,46.9,0,5,2,3,2.0,0,Not Survived,Male
61,22.0,7.2292,0,0,0,3,0.0,0,Not Survived,Male
62,38.0,80.0,1,0,0,1,,1,Survived,Female
63,45.0,83.475,0,1,0,1,2.0,0,Not Survived,Male
64,4.0,27.9,0,3,2,3,2.0,0,Not Survived,Male
65,28.0,27.7208,0,0,0,1,0.0,0,Not Survived,Male
66,28.0,15.2458,0,1,1,3,0.0,1,Survived,Male
67,29.0,10.5,1,0,0,2,2.0,1,Survived,Female
68,19.0,8.1583,0,0,0,3,2.0,0,Not Survived,Male
69,17.0,7.925,1,4,2,3,2.0,1,Survived,Female
70,26.0,8.6625,0,2,0,3,2.0,0,Not Survived,Male
71,32.0,10.5,0,0,0,2,2.0,0,Not Survived,Male
72,16.0,46.9,1,5,2,3,2.0,0,Not Survived,Female
73,21.0,73.5,0,0,0,2,2.0,0,Not Survived,Male
74,26.0,14.4542,0,1,0,3,0.0,0,Not Survived,Male
75,32.0,56.4958,0,0,0,3,2.0,1,Survived,Male
76,25.0,7.65,0,0,0,3,2.0,0,Not Survived,Male
77,28.0,7.8958,0,0,0,3,2.0,0,Not Survived,Male
78,28.0,8.05,0,0,0,3,2.0,0,Not Survived,Male
79,0.83,29.0,0,0,2,2,2.0,1,Survived,Male
80,30.0,12.475,1,0,0,3,2.0,1,Survived,Female
81,22.0,9.0,0,0,0,3,2.0,0,Not Survived,Male
82,29.0,9.5,0,0,0,3,2.0,1,Survived,Male
83,28.0,7.7875,1,0,0,3,1.0,1,Survived,Female
84,28.0,47.1,0,0,0,1,2.0,0,Not Survived,Male
85,17.0,10.5,1,0,0,2,2.0,1,Survived,Female
86,33.0,15.85,1,3,0,3,2.0,1,Survived,Female
87,16.0,34.375,0,1,3,3,2.0,0,Not Survived,Male
88,28.0,8.05,0,0,0,3,2.0,0,Not Survived,Male
89,23.0,263.0,1,3,2,1,2.0,1,Survived,Female
90,24.0,8.05,0,0,0,3,2.0,0,Not Survived,Male
91,29.0,8.05,0,0,0,3,2.0,0,Not Survived,Male
92,20.0,7.8542,0,0,0,3,2.0,0,Not Survived,Male
93,46.0,61.175,0,1,0,1,2.0,0,Not Survived,Male
94,26.0,20.575,0,1,2,3,2.0,0,Not Survived,Male
95,59.0,7.25,0,0,0,3,2.0,0,Not Survived,Male
96,28.0,8.05,0,0,0,3,2.0,0,Not Survived,Male
97,71.0,34.6542,0,0,0,1,0.0,0,Not Survived,Male
98,23.0,63.3583,0,0,1,1,0.0,1,Survived,Male
99,34.0,23.0,1,0,1,2,2.0,1,Survived,Female
100,34.0,26.0,0,1,0,2,2.0,0,Not Survived,Male
101,28.0,7.8958,1,0,0,3,2.0,0,Not Survived,Female
102,28.0,7.8958,0,0,0,3,2.0,0,Not Survived,Male
103,21.0,77.2875,0,0,1,1,2.0,0,Not Survived,Male
104,33.0,8.6542,0,0,0,3,2.0,0,Not Survived,Male
105,37.0,7.925,0,2,0,3,2.0,0,Not Survived,Male
106,28.0,7.8958,0,0,0,3,2.0,0,Not Survived,Male
107,21.0,7.65,1,0,0,3,2.0,1,Survived,Female
108,28.0,7.775,0,0,0,3,2.0,1,Survived,Male
109,38.0,7.8958,0,0,0,3,2.0,0,Not Survived,Male
110,28.0,24.15,1,1,0,3,1.0,1,Survived,Female
111,47.0,52.0,0,0,0,1,2.0,0,Not Survived,Male
112,14.5,14.4542,1,1,0,3,0.0,0,Not Survived,Female
113,22.0,8.05,0,0,0,3,2.0,0,Not Survived,Male
114,20.0,9.825,1,1,0,3,2.0,0,Not Survived,Female
115,17.0,14.4583,1,0,0,3,0.0,0,Not Survived,Female
116,21.0,7.925,0,0,0,3,2.0,0,Not Survived,Male
117,70.5,7.75,0,0,0,3,1.0,0,Not Survived,Male
118,29.0,21.0,0,1,0,2,2.0,0,Not Survived,Male
119,24.0,247.5208,0,0,1,1,0.0,0,Not Survived,Male
120,2.0,31.275,1,4,2,3,2.0,0,Not Survived,Female
121,21.0,73.5,0,2,0,2,2.0,0,Not Survived,Male
122,28.0,8.05,0,0,0,3,2.0,0,Not Survived,Male
123,32.5,30.0708,0,1,0,2,0.0,0,Not Survived,Male
124,32.5,13.0,1,0,0,2,2.0,1,Survived,Female
125,54.0,77.2875,0,0,1,1,2.0,0,Not Survived,Male
126,12.0,11.2417,0,1,0,3,0.0,1,Survived,Male
127,28.0,7.75,0,0,0,3,1.0,0,Not Survived,Male
128,24.0,7.1417,0,0,0,3,2.0,1,Survived,Male
129,28.0,22.3583,1,1,1,3,0.0,1,Survived,Female
130,45.0,6.975,0,0,0,3,2.0,0,Not Survived,Male
131,33.0,7.8958,0,0,0,3,0.0,0,Not Survived,Male
132,20.0,7.05,0,0,0,3,2.0,0,Not Survived,Male
133,47.0,14.5,1,1,0,3,2.0,0,Not Survived,Female
134,29.0,26.0,1,1,0,2,2.0,1,Survived,Female
135,25.0,13.0,0,0,0,2,2.0,0,Not Survived,Male
136,23.0,15.0458,0,0,0,2,0.0,0,Not Survived,Male
137,19.0,26.2833,1,0,2,1,2.0,1,Survived,Female
138,37.0,53.1,0,1,0,1,2.0,0,Not Survived,Male
139,16.0,9.2167,0,0,0,3,2.0,0,Not Survived,Male
140,24.0,79.2,0,0,0,1,0.0,0,Not Survived,Male
141,28.0,15.2458,1,0,2,3,0.0,0,Not Survived,Female
142,22.0,7.75,1,0,0,3,2.0,1,Survived,Female
143,24.0,15.85,1,1,0,3,2.0,1,Survived,Female
144,19.0,6.75,0,0,0,3,1.0,0,Not Survived,Male
145,18.0,11.5,0,0,0,2,2.0,0,Not Survived,Male
146,19.0,36.75,0,1,1,2,2.0,0,Not Survived,Male
147,27.0,7.7958,0,0,0,3,2.0,1,Survived,Male
148,9.0,34.375,1,2,2,3,2.0,0,Not Survived,Female
149,36.5,26.0,0,0,2,2,2.0,0,Not Survived,Male
150,42.0,13.0,0,0,0,2,2.0,0,Not Survived,Male
151,51.0,12.525,0,0,0,2,2.0,0,Not Survived,Male
152,22.0,66.6,1,1,0,1,2.0,1,Survived,Female
153,55.5,8.05,0,0,0,3,2.0,0,Not Survived,Male
154,40.5,14.5,0,0,2,3,2.0,0,Not Survived,Male
155,28.0,7.3125,0,0,0,3,2.0,0,Not Survived,Male
156,51.0,61.3792,0,0,1,1,0.0,0,Not Survived,Male
157,16.0,7.7333,1,0,0,3,1.0,1,Survived,Female
158,30.0,8.05,0,0,0,3,2.0,0,Not Survived,Male
159,28.0,8.6625,0,0,0,3,2.0,0,Not Survived,Male
160,28.0,69.55,0,8,2,3,2.0,0,Not Survived,Male
161,44.0,16.1,0,0,1,3,2.0,0,Not Survived,Male
162,40.0,15.75,1,0,0,2,2.0,1,Survived,Female
163,26.0,7.775,0,0,0,3,2.0,0,Not Survived,Male
164,17.0,8.6625,0,0,0,3,2.0,0,Not Survived,Male
165,1.0,39.6875,0,4,1,3,2.0,0,Not Survived,Male
166,9.0,20.525,0,0,2,3,2.0,1,Survived,Male
167,28.0,55.0,1,0,1,1,2.0,1,Survived,Female
168,45.0,27.9,1,1,4,3,2.0,0,Not Survived,Female
169,28.0,25.925,0,0,0,1,2.0,0,Not Survived,Male
170,28.0,56.4958,0,0,0,3,2.0,0,Not Survived,Male
171,61.0,33.5,0,0,0,1,2.0,0,Not Survived,Male
172,4.0,29.125,0,4,1,3,1.0,0,Not Survived,Male
173,1.0,11.1333,1,1,1,3,2.0,1,Survived,Female
174,21.0,7.925,0,0,0,3,2.0,0,Not Survived,Male
175,56.0,30.6958,0,0,0,1,0.0,0,Not Survived,Male
176,18.0,7.8542,0,1,1,3,2.0,0,Not Survived,Male
177,28.0,25.4667,0,3,1,3,2.0,0,Not Survived,Male
178,50.0,28.7125,1,0,0,1,0.0,0,Not Survived,Female
179,30.0,13.0,0,0,0,2,2.0,0,Not Survived,Male
180,36.0,0.0,0,0,0,3,2.0,0,Not Survived,Male
181,28.0,69.55,1,8,2,3,2.0,0,Not Survived,Female
182,28.0,15.05,0,0,0,2,0.0,0,Not Survived,Male
183,9.0,31.3875,0,4,2,3,2.0,0,Not Survived,Male
184,1.0,39.0,0,2,1,2,2.0,1,Survived,Male
185,4.0,22.025,1,0,2,3,2.0,1,Survived,Female
186,28.0,50.0,0,0,0,1,2.0,0,Not Survived,Male
187,28.0,15.5,1,1,0,3,1.0,1,Survived,Female
188,45.0,26.55,0,0,0,1,2.0,1,Survived,Male
189,40.0,15.5,0,1,1,3,1.0,0,Not Survived,Male
190,36.0,7.8958,0,0,0,3,2.0,0,Not Survived,Male
191,32.0,13.0,1,0,0,2,2.0,1,Survived,Female
192,19.0,13.0,0,0,0,2,2.0,0,Not Survived,Male
193,19.0,7.8542,1,1,0,3,2.0,1,Survived,Female
194,3.0,26.0,0,1,1,2,2.0,1,Survived,Male
195,44.0,27.7208,1,0,0,1,0.0,1,Survived,Female
196,58.0,146.5208,1,0,0,1,0.0,1,Survived,Female
197,28.0,7.75,0,0,0,3,1.0,0,Not Survived,Male
198,42.0,8.4042,0,0,1,3,2.0,0,Not Survived,Male
199,28.0,7.75,1,0,0,3,1.0,1,Survived,Female
200,24.0,13.0,1,0,0,2,2.0,0,Not Survived,Female
201,28.0,9.5,0,0,0,3,2.0,0,Not Survived,Male
202,28.0,69.55,0,8,2,3,2.0,0,Not Survived,Male
203,34.0,6.4958,0,0,0,3,2.0,0,Not Survived,Male
204,45.5,7.225,0,0,0,3,0.0,0,Not Survived,Male
205,18.0,8.05,0,0,0,3,2.0,1,Survived,Male
206,2.0,10.4625,1,0,1,3,2.0,0,Not Survived,Female
207,32.0,15.85,0,1,0,3,2.0,0,Not Survived,Male
208,26.0,18.7875,0,0,0,3,0.0,1,Survived,Male
209,16.0,7.75,1,0,0,3,1.0,1,Survived,Female
210,40.0,31.0,0,0,0,1,0.0,1,Survived,Male
211,24.0,7.05,0,0,0,3,2.0,0,Not Survived,Male
212,35.0,21.0,1,0,0,2,2.0,1,Survived,Female
213,22.0,7.25,0,0,0,3,2.0,0,Not Survived,Male
214,30.0,13.0,0,0,0,2,2.0,0,Not Survived,Male
215,28.0,7.75,0,1,0,3,1.0,0,Not Survived,Male
216,31.0,113.275,1,1,0,1,0.0,1,Survived,Female
217,27.0,7.925,1,0,0,3,2.0,1,Survived,Female
218,42.0,27.0,0,1,0,2,2.0,0,Not Survived,Male
219,32.0,76.2917,1,0,0,1,0.0,1,Survived,Female
220,30.0,10.5,0,0,0,2,2.0,0,Not Survived,Male
221,16.0,8.05,0,0,0,3,2.0,1,Survived,Male
222,27.0,13.0,0,0,0,2,2.0,0,Not Survived,Male
223,51.0,8.05,0,0,0,3,2.0,0,Not Survived,Male
224,28.0,7.8958,0,0,0,3,2.0,0,Not Survived,Male
225,38.0,90.0,0,1,0,1,2.0,1,Survived,Male
226,22.0,9.35,0,0,0,3,2.0,0,Not Survived,Male
227,19.0,10.5,0,0,0,2,2.0,1,Survived,Male
228,20.5,7.25,0,0,0,3,2.0,0,Not Survived,Male
229,18.0,13.0,0,0,0,2,2.0,0,Not Survived,Male
230,28.0,25.4667,1,3,1,3,2.0,0,Not Survived,Female
231,35.0,83.475,1,1,0,1,2.0,1,Survived,Female
232,29.0,7.775,0,0,0,3,2.0,0,Not Survived,Male
233,59.0,13.5,0,0,0,2,2.0,0,Not Survived,Male
234,5.0,31.3875,1,4,2,3,2.0,1,Survived,Female
235,24.0,10.5,0,0,0,2,2.0,0,Not Survived,Male
236,28.0,7.55,1,0,0,3,2.0,0,Not Survived,Female
237,44.0,26.0,0,1,0,2,2.0,0,Not Survived,Male
238,8.0,26.25,1,0,2,2,2.0,1,Survived,Female
239,19.0,10.5,0,0,0,2,2.0,0,Not Survived,Male
240,33.0,12.275,0,0,0,2,2.0,0,Not Survived,Male
241,28.0,14.4542,1,1,0,3,0.0,0,Not Survived,Female
242,28.0,15.5,1,1,0,3,1.0,1,Survived,Female
243,29.0,10.5,0,0,0,2,2.0,0,Not Survived,Male
244,22.0,7.125,0,0,0,3,2.0,0,Not Survived,Male
245,30.0,7.225,0,0,0,3,0.0,0,Not Survived,Male
246,44.0,90.0,0,2,0,1,1.0,0,Not Survived,Male
247,25.0,7.775,1,0,0,3,2.0,0,Not Survived,Female
248,24.0,14.5,1,0,2,2,2.0,1,Survived,Female
249,37.0,52.5542,0,1,1,1,2.0,1,Survived,Male
250,54.0,26.0,0,1,0,2,2.0,0,Not Survived,Male
251,28.0,7.25,0,0,0,3,2.0,0,Not Survived,Male
252,29.0,10.4625,1,1,1,3,2.0,0,Not Survived,Female
253,62.0,26.55,0,0,0,1,2.0,0,Not Survived,Male
254,30.0,16.1,0,1,0,3,2.0,0,Not Survived,Male
255,41.0,20.2125,1,0,2,3,2.0,0,Not Survived,Female
256,29.0,15.2458,1,0,2,3,0.0,1,Survived,Female
257,28.0,79.2,1,0,0,1,0.0,1,Survived,Female
258,30.0,86.5,1,0,0,1,2.0,1,Survived,Female
259,35.0,512.3292,1,0,0,1,0.0,1,Survived,Female
260,50.0,26.0,1,0,1,2,2.0,1,Survived,Female
261,28.0,7.75,0,0,0,3,1.0,0,Not Survived,Male
262,3.0,31.3875,0,4,2,3,2.0,1,Survived,Male
263,52.0,79.65,0,1,1,1,2.0,0,Not Survived,Male
264,40.0,0.0,0,0,0,1,2.0,0,Not Survived,Male
265,28.0,7.75,1,0,0,3,1.0,0,Not Survived,Female
266,36.0,10.5,0,0,0,2,2.0,0,Not Survived,Male
267,16.0,39.6875,0,4,1,3,2.0,0,Not Survived,Male
268,25.0,7.775,0,1,0,3,2.0,1,Survived,Male
269,58.0,153.4625,1,0,1,1,2.0,1,Survived,Female
270,35.0,135.6333,1,0,0,1,2.0,1,Survived,Female
271,28.0,31.0,0,0,0,1,2.0,0,Not Survived,Male
272,25.0,0.0,0,0,0,3,2.0,1,Survived,Male
273,41.0,19.5,1,0,1,2,2.0,1,Survived,Female
274,37.0,29.7,0,0,1,1,0.0,0,Not Survived,Male
275,28.0,7.75,1,0,0,3,1.0,1,Survived,Female
276,63.0,77.9583,1,1,0,1,2.0,1,Survived,Female
277,45.0,7.75,1,0,0,3,2.0,0,Not Survived,Female
278,28.0,0.0,0,0,0,2,2.0,0,Not Survived,Male
279,7.0,29.125,0,4,1,3,1.0,0,Not Survived,Male
280,35.0,20.25,1,1,1,3,2.0,1,Survived,Female
281,65.0,7.75,0,0,0,3,1.0,0,Not Survived,Male
282,28.0,7.8542,0,0,0,3,2.0,0,Not Survived,Male
283,16.0,9.5,0,0,0,3,2.0,0,Not Survived,Male
284,19.0,8.05,0,0,0,3,2.0,1,Survived,Male
285,28.0,26.0,0,0,0,1,2.0,0,Not Survived,Male
286,33.0,8.6625,0,0,0,3,0.0,0,Not Survived,Male
287,30.0,9.5,0,0,0,3,2.0,1,Survived,Male
288,22.0,7.8958,0,0,0,3,2.0,0,Not Survived,Male
289,42.0,13.0,0,0,0,2,2.0,1,Survived,Male
290,22.0,7.75,1,0,0,3,1.0,1,Survived,Female
291,26.0,78.85,1,0,0,1,2.0,1,Survived,Female
292,19.0,91.0792,1,1,0,1,0.0,1,Survived,Female
293,36.0,12.875,0,0,0,2,0.0,0,Not Survived,Male
294,24.0,8.85,1,0,0,3,2.0,0,Not Survived,Female
295,24.0,7.8958,0,0,0,3,2.0,0,Not Survived,Male
296,28.0,27.7208,0,0,0,1,0.0,0,Not Survived,Male
297,23.5,7.2292,0,0,0,3,0.0,0,Not Survived,Male
298,2.0,151.55,1,1,2,1,2.0,0,Not Survived,Female
299,28.0,30.5,0,0,0,1,2.0,1,Survived,Male
300,50.0,247.5208,1,0,1,1,0.0,1,Survived,Female
301,28.0,7.75,1,0,0,3,1.0,1,Survived,Female
302,28.0,23.25,0,2,0,3,1.0,1,Survived,Male
303,19.0,0.0,0,0,0,3,2.0,0,Not Survived,Male
304,28.0,12.35,1,0,0,2,1.0,1,Survived,Female
305,28.0,8.05,0,0,0,3,2.0,0,Not Survived,Male
306,0.92,151.55,0,1,2,1,2.0,1,Survived,Male
307,28.0,110.8833,1,0,0,1,0.0,1,Survived,Female
308,17.0,108.9,1,1,0,1,0.0,1,Survived,Female
309,30.0,24.0,0,1,0,2,0.0,0,Not Survived,Male
310,30.0,56.9292,1,0,0,1,0.0,1,Survived,Female
311,24.0,83.1583,1,0,0,1,0.0,1,Survived,Female
312,18.0,262.375,1,2,2,1,0.0,1,Survived,Female
313,26.0,26.0,1,1,1,2,2.0,0,Not Survived,Female
314,28.0,7.8958,0,0,0,3,2.0,0,Not Survived,Male
315,43.0,26.25,0,1,1,2,2.0,0,Not Survived,Male
316,26.0,7.8542,1,0,0,3,2.0,1,Survived,Female
317,24.0,26.0,1,1,0,2,2.0,1,Survived,Female
318,54.0,14.0,0,0,0,2,2.0,0,Not Survived,Male
319,31.0,164.8667,1,0,2,1,2.0,1,Survived,Female
320,40.0,134.5,1,1,1,1,0.0,1,Survived,Female
321,22.0,7.25,0,0,0,3,2.0,0,Not Survived,Male
322,27.0,7.8958,0,0,0,3,2.0,0,Not Survived,Male
323,30.0,12.35,1,0,0,2,1.0,1,Survived,Female
324,22.0,29.0,1,1,1,2,2.0,1,Survived,Female
325,28.0,69.55,0,8,2,3,2.0,0,Not Survived,Male
326,36.0,135.6333,1,0,0,1,0.0,1,Survived,Female
327,61.0,6.2375,0,0,0,3,2.0,0,Not Survived,Male
328,36.0,13.0,1,0,0,2,2.0,1,Survived,Female
329,31.0,20.525,1,1,1,3,2.0,1,Survived,Female
330,16.0,57.9792,1,0,1,1,0.0,1,Survived,Female
331,28.0,23.25,1,2,0,3,1.0,1,Survived,Female
332,45.5,28.5,0,0,0,1,2.0,0,Not Survived,Male
333,38.0,153.4625,0,0,1,1,2.0,0,Not Survived,Male
334,16.0,18.0,0,2,0,3,2.0,0,Not Survived,Male
335,28.0,133.65,1,1,0,1,2.0,1,Survived,Female
336,28.0,7.8958,0,0,0,3,2.0,0,Not Survived,Male
337,29.0,66.6,0,1,0,1,2.0,0,Not Survived,Male
338,41.0,134.5,1,0,0,1,0.0,1,Survived,Female
339,45.0,8.05,0,0,0,3,2.0,1,Survived,Male
340,45.0,35.5,0,0,0,1,2.0,0,Not Survived,Male
341,2.0,26.0,0,1,1,2,2.0,1,Survived,Male
342,24.0,263.0,1,3,2,1,2.0,1,Survived,Female
343,28.0,13.0,0,0,0,2,2.0,0,Not Survived,Male
344,25.0,13.0,0,0,0,2,2.0,0,Not Survived,Male
345,36.0,13.0,0,0,0,2,2.0,0,Not Survived,Male
346,24.0,13.0,1,0,0,2,2.0,1,Survived,Female
347,40.0,13.0,1,0,0,2,2.0,1,Survived,Female
348,28.0,16.1,1,1,0,3,2.0,1,Survived,Female
349,3.0,15.9,0,1,1,3,2.0,1,Survived,Male
350,42.0,8.6625,0,0,0,3,2.0,0,Not Survived,Male
351,23.0,9.225,0,0,0,3,2.0,0,Not Survived,Male
352,28.0,35.0,0,0,0,1,2.0,0,Not Survived,Male
353,15.0,7.2292,0,1,1,3,0.0,0,Not Survived,Male
354,25.0,17.8,0,1,0,3,2.0,0,Not Survived,Male
355,28.0,7.225,0,0,0,3,0.0,0,Not Survived,Male
356,28.0,9.5,0,0,0,3,2.0,0,Not Survived,Male
357,22.0,55.0,1,0,1,1,2.0,1,Survived,Female
358,38.0,13.0,1,0,0,2,2.0,0,Not Survived,Female
359,28.0,7.8792,1,0,0,3,1.0,1,Survived,Female
360,28.0,7.8792,1,0,0,3,1.0,1,Survived,Female
361,40.0,27.9,0,1,4,3,2.0,0,Not Survived,Male
362,29.0,27.7208,0,1,0,2,0.0,0,Not Survived,Male
363,45.0,14.4542,1,0,1,3,0.0,0,Not Survived,Female
364,35.0,7.05,0,0,0,3,2.0,0,Not Survived,Male
365,28.0,15.5,0,1,0,3,1.0,0,Not Survived,Male
366,30.0,7.25,0,0,0,3,2.0,0,Not Survived,Male
367,60.0,75.25,1,1,0,1,0.0,1,Survived,Female
368,28.0,7.2292,1,0,0,3,0.0,1,Survived,Female
369,28.0,7.75,1,0,0,3,1.0,1,Survived,Female
370,24.0,69.3,1,0,0,1,0.0,1,Survived,Female
371,25.0,55.4417,0,1,0,1,0.0,1,Survived,Male
372,18.0,6.4958,0,1,0,3,2.0,0,Not Survived,Male
373,19.0,8.05,0,0,0,3,2.0,0,Not Survived,Male
374,22.0,135.6333,0,0,0,1,0.0,0,Not Survived,Male
375,3.0,21.075,1,3,1,3,2.0,0,Not Survived,Female
376,28.0,82.1708,1,1,0,1,0.0,1,Survived,Female
377,22.0,7.25,1,0,0,3,2.0,1,Survived,Female
378,27.0,211.5,0,0,2,1,0.0,0,Not Survived,Male
379,20.0,4.0125,0,0,0,3,0.0,0,Not Survived,Male
380,19.0,7.775,0,0,0,3,2.0,0,Not Survived,Male
381,42.0,227.525,1,0,0,1,0.0,1,Survived,Female
382,1.0,15.7417,1,0,2,3,0.0,1,Survived,Female
383,32.0,7.925,0,0,0,3,2.0,0,Not Survived,Male
384,35.0,52.0,1,1,0,1,2.0,1,Survived,Female
385,28.0,7.8958,0,0,0,3,2.0,0,Not Survived,Male
386,18.0,73.5,0,0,0,2,2.0,0,Not Survived,Male
387,1.0,46.9,0,5,2,3,2.0,0,Not Survived,Male
388,36.0,13.0,1,0,0,2,2.0,1,Survived,Female
389,28.0,7.7292,0,0,0,3,1.0,0,Not Survived,Male
390,17.0,12.0,1,0,0,2,0.0,1,Survived,Female
391,36.0,120.0,0,1,2,1,2.0,1,Survived,Male
392,21.0,7.7958,0,0,0,3,2.0,1,Survived,Male
393,28.0,7.925,0,2,0,3,2.0,0,Not Survived,Male
394,23.0,113.275,1,1,0,1,0.0,1,Survived,Female
395,24.0,16.7,1,0,2,3,2.0,1,Survived,Female
396,22.0,7.7958,0,0,0,3,2.0,0,Not Survived,Male
397,31.0,7.8542,1,0,0,3,2.0,0,Not Survived,Female
398,46.0,26.0,0,0,0,2,2.0,0,Not Survived,Male
399,23.0,10.5,0,0,0,2,2.0,0,Not Survived,Male
400,28.0,12.65,1,0,0,2,2.0,1,Survived,Female
401,39.0,7.925,0,0,0,3,2.0,1,Survived,Male
402,26.0,8.05,0,0,0,3,2.0,0,Not Survived,Male
403,21.0,9.825,1,1,0,3,2.0,0,Not Survived,Female
404,28.0,15.85,0,1,0,3,2.0,0,Not Survived,Male
405,20.0,8.6625,1,0,0,3,2.0,0,Not Survived,Female
406,34.0,21.0,0,1,0,2,2.0,0,Not Survived,Male
407,51.0,7.75,0,0,0,3,2.0,0,Not Survived,Male
408,3.0,18.75,0,1,1,2,2.0,1,Survived,Male
409,21.0,7.775,0,0,0,3,2.0,0,Not Survived,Male
410,28.0,25.4667,1,3,1,3,2.0,0,Not Survived,Female
411,28.0,7.8958,0,0,0,3,2.0,0,Not Survived,Male
412,28.0,6.8583,0,0,0,3,1.0,0,Not Survived,Male
413,33.0,90.0,1,1,0,1,1.0,1,Survived,Female
414,28.0,0.0,0,0,0,2,2.0,0,Not Survived,Male
415,44.0,7.925,0,0,0,3,2.0,1,Survived,Male
416,28.0,8.05,1,0,0,3,2.0,0,Not Survived,Female
417,34.0,32.5,1,1,1,2,2.0,1,Survived,Female
418,18.0,13.0,1,0,2,2,2.0,1,Survived,Female
419,30.0,13.0,0,0,0,2,2.0,0,Not Survived,Male
420,10.0,24.15,1,0,2,3,2.0,0,Not Survived,Female
421,28.0,7.8958,0,0,0,3,0.0,0,Not Survived,Male
422,21.0,7.7333,0,0,0,3,1.0,0,Not Survived,Male
423,29.0,7.875,0,0,0,3,2.0,0,Not Survived,Male
424,28.0,14.4,1,1,1,3,2.0,0,Not Survived,Female
425,18.0,20.2125,0,1,1,3,2.0,0,Not Survived,Male
426,28.0,7.25,0,0,0,3,2.0,0,Not Survived,Male
427,28.0,26.0,1,1,0,2,2.0,1,Survived,Female
428,19.0,26.0,1,0,0,2,2.0,1,Survived,Female
429,28.0,7.75,0,0,0,3,1.0,0,Not Survived,Male
430,32.0,8.05,0,0,0,3,2.0,1,Survived,Male
431,28.0,26.55,0,0,0,1,2.0,1,Survived,Male
432,28.0,16.1,1,1,0,3,2.0,1,Survived,Female
433,42.0,26.0,1,1,0,2,2.0,1,Survived,Female
434,17.0,7.125,0,0,0,3,2.0,0,Not Survived,Male
435,50.0,55.9,0,1,0,1,2.0,0,Not Survived,Male
436,14.0,120.0,1,1,2,1,2.0,1,Survived,Female
437,21.0,34.375,1,2,2,3,2.0,0,Not Survived,Female
438,24.0,18.75,1,2,3,2,2.0,1,Survived,Female
439,64.0,263.0,0,1,4,1,2.0,0,Not Survived,Male
440,31.0,10.5,0,0,0,2,2.0,0,Not Survived,Male
441,45.0,26.25,1,1,1,2,2.0,1,Survived,Female
442,20.0,9.5,0,0,0,3,2.0,0,Not Survived,Male
443,25.0,7.775,0,1,0,3,2.0,0,Not Survived,Male
444,28.0,13.0,1,0,0,2,2.0,1,Survived,Female
445,28.0,8.1125,0,0,0,3,2.0,1,Survived,Male
446,4.0,81.8583,0,0,2,1,2.0,1,Survived,Male
447,13.0,19.5,1,0,1,2,2.0,1,Survived,Female
448,34.0,26.55,0,0,0,1,2.0,1,Survived,Male
449,5.0,19.2583,1,2,1,3,0.0,1,Survived,Female
450,52.0,30.5,0,0,0,1,2.0,1,Survived,Male
451,36.0,27.75,0,1,2,2,2.0,0,Not Survived,Male
452,28.0,19.9667,0,1,0,3,2.0,0,Not Survived,Male
453,30.0,27.75,0,0,0,1,0.0,0,Not Survived,Male
454,49.0,89.1042,0,1,0,1,0.0,1,Survived,Male
455,28.0,8.05,0,0,0,3,2.0,0,Not Survived,Male
456,29.0,7.8958,0,0,0,3,0.0,1,Survived,Male
457,65.0,26.55,0,0,0,1,2.0,0,Not Survived,Male
458,28.0,51.8625,1,1,0,1,2.0,1,Survived,Female
459,50.0,10.5,1,0,0,2,2.0,1,Survived,Female
460,28.0,7.75,0,0,0,3,1.0,0,Not Survived,Male
461,48.0,26.55,0,0,0,1,2.0,1,Survived,Male
462,34.0,8.05,0,0,0,3,2.0,0,Not Survived,Male
463,47.0,38.5,0,0,0,1,2.0,0,Not Survived,Male
464,48.0,13.0,0,0,0,2,2.0,0,Not Survived,Male
465,28.0,8.05,0,0,0,3,2.0,0,Not Survived,Male
466,38.0,7.05,0,0,0,3,2.0,0,Not Survived,Male
467,28.0,0.0,0,0,0,2,2.0,0,Not Survived,Male
468,56.0,26.55,0,0,0,1,2.0,0,Not Survived,Male
469,28.0,7.725,0,0,0,3,1.0,0,Not Survived,Male
470,0.75,19.2583,1,2,1,3,0.0,1,Survived,Female
471,28.0,7.25,0,0,0,3,2.0,0,Not Survived,Male
472,38.0,8.6625,0,0,0,3,2.0,0,Not Survived,Male
473,33.0,27.75,1,1,2,2,2.0,1,Survived,Female
474,23.0,13.7917,1,0,0,2,0.0,1,Survived,Female
475,22.0,9.8375,1,0,0,3,2.0,0,Not Survived,Female
476,28.0,52.0,0,0,0,1,2.0,0,Not Survived,Male
477,34.0,21.0,0,1,0,2,2.0,0,Not Survived,Male
478,29.0,7.0458,0,1,0,3,2.0,0,Not Survived,Male
479,22.0,7.5208,0,0,0,3,2.0,0,Not Survived,Male
480,2.0,12.2875,1,0,1,3,2.0,1,Survived,Female
481,9.0,46.9,0,5,2,3,2.0,0,Not Survived,Male
482,28.0,0.0,0,0,0,2,2.0,0,Not Survived,Male
483,50.0,8.05,0,0,0,3,2.0,0,Not Survived,Male
484,63.0,9.5875,1,0,0,3,2.0,1,Survived,Female
485,25.0,91.0792,0,1,0,1,0.0,1,Survived,Male
486,28.0,25.4667,1,3,1,3,2.0,0,Not Survived,Female
487,35.0,90.0,1,1,0,1,2.0,1,Survived,Female
488,58.0,29.7,0,0,0,1,0.0,0,Not Survived,Male
489,30.0,8.05,0,0,0,3,2.0,0,Not Survived,Male
490,9.0,15.9,0,1,1,3,2.0,1,Survived,Male
491,28.0,19.9667,0,1,0,3,2.0,0,Not Survived,Male
492,21.0,7.25,0,0,0,3,2.0,0,Not Survived,Male
493,55.0,30.5,0,0,0,1,2.0,0,Not Survived,Male
494,71.0,49.5042,0,0,0,1,0.0,0,Not Survived,Male
495,21.0,8.05,0,0,0,3,2.0,0,Not Survived,Male
496,28.0,14.4583,0,0,0,3,0.0,0,Not Survived,Male
497,54.0,78.2667,1,1,0,1,0.0,1,Survived,Female
498,28.0,15.1,0,0,0,3,2.0,0,Not Survived,Male
499,25.0,151.55,1,1,2,1,2.0,0,Not Survived,Female
500,24.0,7.7958,0,0,0,3,2.0,0,Not Survived,Male
501,17.0,8.6625,0,0,0,3,2.0,0,Not Survived,Male
502,21.0,7.75,1,0,0,3,1.0,0,Not Survived,Female
503,28.0,7.6292,1,0,0,3,1.0,0,Not Survived,Female
504,37.0,9.5875,1,0,0,3,2.0,0,Not Survived,Female
505,16.0,86.5,1,0,0,1,2.0,1,Survived,Female
506,18.0,108.9,0,1,0,1,0.0,0,Not Survived,Male
507,33.0,26.0,1,0,2,2,2.0,1,Survived,Female
508,28.0,26.55,0,0,0,1,2.0,1,Survived,Male
509,28.0,22.525,0,0,0,3,2.0,0,Not Survived,Male
510,26.0,56.4958,0,0,0,3,2.0,1,Survived,Male
511,29.0,7.75,0,0,0,3,1.0,1,Survived,Male
512,28.0,8.05,0,0,0,3,2.0,0,Not Survived,Male
513,36.0,26.2875,0,0,0,1,2.0,1,Survived,Male
514,54.0,59.4,1,1,0,1,0.0,1,Survived,Female
515,24.0,7.4958,0,0,0,3,2.0,0,Not Survived,Male
516,47.0,34.0208,0,0,0,1,2.0,0,Not Survived,Male
517,34.0,10.5,1,0,0,2,2.0,1,Survived,Female
518,28.0,24.15,0,0,0,3,1.0,0,Not Survived,Male
519,36.0,26.0,1,1,0,2,2.0,1,Survived,Female
520,32.0,7.8958,0,0,0,3,2.0,0,Not Survived,Male
521,30.0,93.5,1,0,0,1,2.0,1,Survived,Female
522,22.0,7.8958,0,0,0,3,2.0,0,Not Survived,Male
523,28.0,7.225,0,0,0,3,0.0,0,Not Survived,Male
524,44.0,57.9792,1,0,1,1,0.0,1,Survived,Female
525,28.0,7.2292,0,0,0,3,0.0,0,Not Survived,Male
526,40.5,7.75,0,0,0,3,1.0,0,Not Survived,Male
527,50.0,10.5,1,0,0,2,2.0,1,Survived,Female
528,28.0,221.7792,0,0,0,1,2.0,0,Not Survived,Male
529,39.0,7.925,0,0,0,3,2.0,0,Not Survived,Male
530,23.0,11.5,0,2,1,2,2.0,0,Not Survived,Male
531,2.0,26.0,1,1,1,2,2.0,1,Survived,Female
532,28.0,7.2292,0,0,0,3,0.0,0,Not Survived,Male
533,17.0,7.2292,0,1,1,3,0.0,0,Not Survived,Male
534,28.0,22.3583,1,0,2,3,0.0,1,Survived,Female
535,30.0,8.6625,1,0,0,3,2.0,0,Not Survived,Female
536,7.0,26.25,1,0,2,2,2.0,1,Survived,Female
537,45.0,26.55,0,0,0,1,2.0,0,Not Survived,Male
538,30.0,106.425,1,0,0,1,0.0,1,Survived,Female
539,28.0,14.5,0,0,0,3,2.0,0,Not Survived,Male
540,22.0,49.5,1,0,2,1,0.0,1,Survived,Female
541,36.0,71.0,1,0,2,1,2.0,1,Survived,Female
542,9.0,31.275,1,4,2,3,2.0,0,Not Survived,Female
543,11.0,31.275,1,4,2,3,2.0,0,Not Survived,Female
544,32.0,26.0,0,1,0,2,2.0,1,Survived,Male
545,50.0,106.425,0,1,0,1,0.0,0,Not Survived,Male
546,64.0,26.0,0,0,0,1,2.0,0,Not Survived,Male
547,19.0,26.0,1,1,0,2,2.0,1,Survived,Female
548,28.0,13.8625,0,0,0,2,0.0,1,Survived,Male
549,33.0,20.525,0,1,1,3,2.0,0,Not Survived,Male
550,8.0,36.75,0,1,1,2,2.0,1,Survived,Male
551,17.0,110.8833,0,0,2,1,0.0,1,Survived,Male
552,27.0,26.0,0,0,0,2,2.0,0,Not Survived,Male
553,28.0,7.8292,0,0,0,3,1.0,0,Not Survived,Male
554,22.0,7.225,0,0,0,3,0.0,1,Survived,Male
555,22.0,7.775,1,0,0,3,2.0,1,Survived,Female
556,62.0,26.55,0,0,0,1,2.0,0,Not Survived,Male
557,48.0,39.6,1,1,0,1,0.0,1,Survived,Female
558,28.0,227.525,0,0,0,1,0.0,0,Not Survived,Male
559,39.0,79.65,1,1,1,1,2.0,1,Survived,Female
560,36.0,17.4,1,1,0,3,2.0,1,Survived,Female
561,28.0,7.75,0,0,0,3,1.0,0,Not Survived,Male
562,40.0,7.8958,0,0,0,3,2.0,0,Not Survived,Male
563,28.0,13.5,0,0,0,2,2.0,0,Not Survived,Male
564,28.0,8.05,0,0,0,3,2.0,0,Not Survived,Male
565,28.0,8.05,1,0,0,3,2.0,0,Not Survived,Female
566,24.0,24.15,0,2,0,3,2.0,0,Not Survived,Male
567,19.0,7.8958,0,0,0,3,2.0,0,Not Survived,Male
568,29.0,21.075,1,0,4,3,2.0,0,Not Survived,Female
569,28.0,7.2292,0,0,0,3,0.0,0,Not Survived,Male
570,32.0,7.8542,0,0,0,3,2.0,1,Survived,Male
571,62.0,10.5,0,0,0,2,2.0,1,Survived,Male
572,53.0,51.4792,1,2,0,1,2.0,1,Survived,Female
573,36.0,26.3875,0,0,0,1,2.0,1,Survived,Male
574,28.0,7.75,1,0,0,3,1.0,1,Survived,Female
575,16.0,8.05,0,0,0,3,2.0,0,Not Survived,Male
576,19.0,14.5,0,0,0,3,2.0,0,Not Survived,Male
577,34.0,13.0,1,0,0,2,2.0,1,Survived,Female
578,39.0,55.9,1,1,0,1,2.0,1,Survived,Female
579,28.0,14.4583,1,1,0,3,0.0,0,Not Survived,Female
580,32.0,7.925,0,0,0,3,2.0,1,Survived,Male
581,25.0,30.0,1,1,1,2,2.0,1,Survived,Female
582,39.0,110.8833,1,1,1,1,0.0,1,Survived,Female
583,54.0,26.0,0,0,0,2,2.0,0,Not Survived,Male
584,36.0,40.125,0,0,0,1,0.0,0,Not Survived,Male
585,28.0,8.7125,0,0,0,3,0.0,0,Not Survived,Male
586,18.0,79.65,1,0,2,1,2.0,1,Survived,Female
587,47.0,15.0,0,0,0,2,2.0,0,Not Survived,Male
588,60.0,79.2,0,1,1,1,0.0,1,Survived,Male
589,22.0,8.05,0,0,0,3,2.0,0,Not Survived,Male
590,28.0,8.05,0,0,0,3,2.0,0,Not Survived,Male
591,35.0,7.125,0,0,0,3,2.0,0,Not Survived,Male
592,52.0,78.2667,1,1,0,1,0.0,1,Survived,Female
593,47.0,7.25,0,0,0,3,2.0,0,Not Survived,Male
594,28.0,7.75,1,0,2,3,1.0,0,Not Survived,Female
595,37.0,26.0,0,1,0,2,2.0,0,Not Survived,Male
596,36.0,24.15,0,1,1,3,2.0,0,Not Survived,Male
597,28.0,33.0,1,0,0,2,2.0,1,Survived,Female
598,49.0,0.0,0,0,0,3,2.0,0,Not Survived,Male
599,28.0,7.225,0,0,0,3,0.0,0,Not Survived,Male
600,49.0,56.9292,0,1,0,1,0.0,1,Survived,Male
601,24.0,27.0,1,2,1,2,2.0,1,Survived,Female
602,28.0,7.8958,0,0,0,3,2.0,0,Not Survived,Male
603,28.0,42.4,0,0,0,1,2.0,0,Not Survived,Male
604,44.0,8.05,0,0,0,3,2.0,0,Not Survived,Male
605,35.0,26.55,0,0,0,1,0.0,1,Survived,Male
606,36.0,15.55,0,1,0,3,2.0,0,Not Survived,Male
607,30.0,7.8958,0,0,0,3,2.0,0,Not Survived,Male
608,27.0,30.5,0,0,0,1,2.0,1,Survived,Male
609,22.0,41.5792,1,1,2,2,0.0,1,Survived,Female
610,40.0,153.4625,1,0,0,1,2.0,1,Survived,Female
611,39.0,31.275,1,1,5,3,2.0,0,Not Survived,Female
612,28.0,7.05,0,0,0,3,2.0,0,Not Survived,Male
613,28.0,15.5,1,1,0,3,1.0,1,Survived,Female
614,28.0,7.75,0,0,0,3,1.0,0,Not Survived,Male
615,35.0,8.05,0,0,0,3,2.0,0,Not Survived,Male
616,24.0,65.0,1,1,2,2,2.0,1,Survived,Female
617,34.0,14.4,0,1,1,3,2.0,0,Not Survived,Male
618,26.0,16.1,1,1,0,3,2.0,0,Not Survived,Female
619,4.0,39.0,1,2,1,2,2.0,1,Survived,Female
620,26.0,10.5,0,0,0,2,2.0,0,Not Survived,Male
621,27.0,14.4542,0,1,0,3,0.0,0,Not Survived,Male
622,42.0,52.5542,0,1,0,1,2.0,1,Survived,Male
623,20.0,15.7417,0,1,1,3,0.0,1,Survived,Male
624,21.0,7.8542,0,0,0,3,2.0,0,Not Survived,Male
625,21.0,16.1,0,0,0,3,2.0,0,Not Survived,Male
626,61.0,32.3208,0,0,0,1,2.0,0,Not Survived,Male
627,57.0,12.35,0,0,0,2,1.0,0,Not Survived,Male
628,21.0,77.9583,1,0,0,1,2.0,1,Survived,Female
629,26.0,7.8958,0,0,0,3,2.0,0,Not Survived,Male
630,28.0,7.7333,0,0,0,3,1.0,0,Not Survived,Male
631,80.0,30.0,0,0,0,1,2.0,1,Survived,Male
632,51.0,7.0542,0,0,0,3,2.0,0,Not Survived,Male
633,32.0,30.5,0,0,0,1,0.0,1,Survived,Male
634,28.0,0.0,0,0,0,1,2.0,0,Not Survived,Male
635,9.0,27.9,1,3,2,3,2.0,0,Not Survived,Female
636,28.0,13.0,1,0,0,2,2.0,1,Survived,Female
637,32.0,7.925,0,0,0,3,2.0,0,Not Survived,Male
638,31.0,26.25,0,1,1,2,2.0,0,Not Survived,Male
639,41.0,39.6875,1,0,5,3,2.0,0,Not Survived,Female
640,28.0,16.1,0,1,0,3,2.0,0,Not Survived,Male
641,20.0,7.8542,0,0,0,3,2.0,0,Not Survived,Male
642,24.0,69.3,1,0,0,1,0.0,1,Survived,Female
643,2.0,27.9,1,3,2,3,2.0,0,Not Survived,Female
644,28.0,56.4958,0,0,0,3,2.0,1,Survived,Male
645,0.75,19.2583,1,2,1,3,0.0,1,Survived,Female
646,48.0,76.7292,0,1,0,1,0.0,1,Survived,Male
647,19.0,7.8958,0,0,0,3,2.0,0,Not Survived,Male
648,56.0,35.5,0,0,0,1,0.0,1,Survived,Male
649,28.0,7.55,0,0,0,3,2.0,0,Not Survived,Male
650,23.0,7.55,1,0,0,3,2.0,1,Survived,Female
651,28.0,7.8958,0,0,0,3,2.0,0,Not Survived,Male
652,18.0,23.0,1,0,1,2,2.0,1,Survived,Female
653,21.0,8.4333,0,0,0,3,2.0,0,Not Survived,Male
654,28.0,7.8292,1,0,0,3,1.0,1,Survived,Female
655,18.0,6.75,1,0,0,3,1.0,0,Not Survived,Female
656,24.0,73.5,0,2,0,2,2.0,0,Not Survived,Male
657,28.0,7.8958,0,0,0,3,2.0,0,Not Survived,Male
658,32.0,15.5,1,1,1,3,1.0,0,Not Survived,Female
659,23.0,13.0,0,0,0,2,2.0,0,Not Survived,Male
660,58.0,113.275,0,0,2,1,0.0,0,Not Survived,Male
661,50.0,133.65,0,2,0,1,2.0,1,Survived,Male
662,40.0,7.225,0,0,0,3,0.0,0,Not Survived,Male
663,47.0,25.5875,0,0,0,1,2.0,0,Not Survived,Male
664,36.0,7.4958,0,0,0,3,2.0,0,Not Survived,Male
665,20.0,7.925,0,1,0,3,2.0,1,Survived,Male
666,32.0,73.5,0,2,0,2,2.0,0,Not Survived,Male
667,25.0,13.0,0,0,0,2,2.0,0,Not Survived,Male
668,28.0,7.775,0,0,0,3,2.0,0,Not Survived,Male
669,43.0,8.05,0,0,0,3,2.0,0,Not Survived,Male
670,28.0,52.0,1,1,0,1,2.0,1,Survived,Female
671,40.0,39.0,1,1,1,2,2.0,1,Survived,Female
672,31.0,52.0,0,1,0,1,2.0,0,Not Survived,Male
673,70.0,10.5,0,0,0,2,2.0,0,Not Survived,Male
674,31.0,13.0,0,0,0,2,2.0,1,Survived,Male
675,28.0,0.0,0,0,0,2,2.0,0,Not Survived,Male
676,18.0,7.775,0,0,0,3,2.0,0,Not Survived,Male
677,24.5,8.05,0,0,0,3,2.0,0,Not Survived,Male
678,18.0,9.8417,1,0,0,3,2.0,1,Survived,Female
679,43.0,46.9,1,1,6,3,2.0,0,Not Survived,Female
680,36.0,512.3292,0,0,1,1,0.0,1,Survived,Male
681,28.0,8.1375,1,0,0,3,1.0,0,Not Survived,Female
682,27.0,76.7292,0,0,0,1,0.0,1,Survived,Male
683,20.0,9.225,0,0,0,3,2.0,0,Not Survived,Male
684,14.0,46.9,0,5,2,3,2.0,0,Not Survived,Male
685,60.0,39.0,0,1,1,2,2.0,0,Not Survived,Male
686,25.0,41.5792,0,1,2,2,0.0,0,Not Survived,Male
687,14.0,39.6875,0,4,1,3,2.0,0,Not Survived,Male
688,19.0,10.1708,0,0,0,3,2.0,0,Not Survived,Male
689,18.0,7.7958,0,0,0,3,2.0,0,Not Survived,Male
690,15.0,211.3375,1,0,1,1,2.0,1,Survived,Female
691,31.0,57.0,0,1,0,1,2.0,1,Survived,Male
692,4.0,13.4167,1,0,1,3,0.0,1,Survived,Female
693,28.0,56.4958,0,0,0,3,2.0,1,Survived,Male
694,25.0,7.225,0,0,0,3,0.0,0,Not Survived,Male
695,60.0,26.55,0,0,0,1,2.0,0,Not Survived,Male
696,52.0,13.5,0,0,0,2,2.0,0,Not Survived,Male
697,44.0,8.05,0,0,0,3,2.0,0,Not Survived,Male
698,28.0,7.7333,1,0,0,3,1.0,1,Survived,Female
699,49.0,110.8833,0,1,1,1,0.0,0,Not Survived,Male
700,42.0,7.65,0,0,0,3,2.0,0,Not Survived,Male
701,18.0,227.525,1,1,0,1,0.0,1,Survived,Female
702,35.0,26.2875,0,0,0,1,2.0,1,Survived,Male
703,18.0,14.4542,1,0,1,3,0.0,0,Not Survived,Female
704,25.0,7.7417,0,0,0,3,1.0,0,Not Survived,Male
705,26.0,7.8542,0,1,0,3,2.0,0,Not Survived,Male
706,39.0,26.0,0,0,0,2,2.0,0,Not Survived,Male
707,45.0,13.5,1,0,0,2,2.0,1,Survived,Female
708,42.0,26.2875,0,0,0,1,2.0,1,Survived,Male
709,22.0,151.55,1,0,0,1,2.0,1,Survived,Female
710,28.0,15.2458,0,1,1,3,0.0,1,Survived,Male
711,24.0,49.5042,1,0,0,1,0.0,1,Survived,Female
712,28.0,26.55,0,0,0,1,2.0,0,Not Survived,Male
713,48.0,52.0,0,1,0,1,2.0,1,Survived,Male
714,29.0,9.4833,0,0,0,3,2.0,0,Not Survived,Male
715,52.0,13.0,0,0,0,2,2.0,0,Not Survived,Male
716,19.0,7.65,0,0,0,3,2.0,0,Not Survived,Male
717,38.0,227.525,1,0,0,1,0.0,1,Survived,Female
718,27.0,10.5,1,0,0,2,2.0,1,Survived,Female
719,28.0,15.5,0,0,0,3,1.0,0,Not Survived,Male
720,33.0,7.775,0,0,0,3,2.0,0,Not Survived,Male
721,6.0,33.0,1,0,1,2,2.0,1,Survived,Female
722,17.0,7.0542,0,1,0,3,2.0,0,Not Survived,Male
723,34.0,13.0,0,0,0,2,2.0,0,Not Survived,Male
724,50.0,13.0,0,0,0,2,2.0,0,Not Survived,Male
725,27.0,53.1,0,1,0,1,2.0,1,Survived,Male
726,20.0,8.6625,0,0,0,3,2.0,0,Not Survived,Male
727,30.0,21.0,1,3,0,2,2.0,1,Survived,Female
728,28.0,7.7375,1,0,0,3,1.0,1,Survived,Female
729,25.0,26.0,0,1,0,2,2.0,0,Not Survived,Male
730,25.0,7.925,1,1,0,3,2.0,0,Not Survived,Female
731,29.0,211.3375,1,0,0,1,2.0,1,Survived,Female
732,11.0,18.7875,0,0,0,3,0.0,0,Not Survived,Male
733,28.0,0.0,0,0,0,2,2.0,0,Not Survived,Male
734,23.0,13.0,0,0,0,2,2.0,0,Not Survived,Male
735,23.0,13.0,0,0,0,2,2.0,0,Not Survived,Male
736,28.5,16.1,0,0,0,3,2.0,0,Not Survived,Male
737,48.0,34.375,1,1,3,3,2.0,0,Not Survived,Female
738,35.0,512.3292,0,0,0,1,0.0,1,Survived,Male
739,28.0,7.8958,0,0,0,3,2.0,0,Not Survived,Male
740,28.0,7.8958,0,0,0,3,2.0,0,Not Survived,Male
741,28.0,30.0,0,0,0,1,2.0,1,Survived,Male
742,36.0,78.85,0,1,0,1,2.0,0,Not Survived,Male
743,21.0,262.375,1,2,2,1,0.0,1,Survived,Female
744,24.0,16.1,0,1,0,3,2.0,0,Not Survived,Male
745,31.0,7.925,0,0,0,3,2.0,1,Survived,Male
746,70.0,71.0,0,1,1,1,2.0,0,Not Survived,Male
747,16.0,20.25,0,1,1,3,2.0,0,Not Survived,Male
748,30.0,13.0,1,0,0,2,2.0,1,Survived,Female
749,19.0,53.1,0,1,0,1,2.0,0,Not Survived,Male
750,31.0,7.75,0,0,0,3,1.0,0,Not Survived,Male
751,4.0,23.0,1,1,1,2,2.0,1,Survived,Female
752,6.0,12.475,0,0,1,3,2.0,1,Survived,Male
753,33.0,9.5,0,0,0,3,2.0,0,Not Survived,Male
754,23.0,7.8958,0,0,0,3,2.0,0,Not Survived,Male
755,48.0,65.0,1,1,2,2,2.0,1,Survived,Female
756,0.67,14.5,0,1,1,2,2.0,1,Survived,Male
757,28.0,7.7958,0,0,0,3,2.0,0,Not Survived,Male
758,18.0,11.5,0,0,0,2,2.0,0,Not Survived,Male
759,34.0,8.05,0,0,0,3,2.0,0,Not Survived,Male
760,33.0,86.5,1,0,0,1,2.0,1,Survived,Female
761,28.0,14.5,0,0,0,3,2.0,0,Not Survived,Male
762,41.0,7.125,0,0,0,3,2.0,0,Not Survived,Male
763,20.0,7.2292,0,0,0,3,0.0,1,Survived,Male
764,36.0,120.0,1,1,2,1,2.0,1,Survived,Female
765,16.0,7.775,0,0,0,3,2.0,0,Not Survived,Male
766,51.0,77.9583,1,1,0,1,2.0,1,Survived,Female
767,28.0,39.6,0,0,0,1,0.0,0,Not Survived,Male
768,30.5,7.75,1,0,0,3,1.0,0,Not Survived,Female
769,28.0,24.15,0,1,0,3,1.0,0,Not Survived,Male
770,32.0,8.3625,0,0,0,3,2.0,0,Not Survived,Male
771,24.0,9.5,0,0,0,3,2.0,0,Not Survived,Male
772,48.0,7.8542,0,0,0,3,2.0,0,Not Survived,Male
773,57.0,10.5,1,0,0,2,2.0,0,Not Survived,Female
774,28.0,7.225,0,0,0,3,0.0,0,Not Survived,Male
775,54.0,23.0,1,1,3,2,2.0,1,Survived,Female
776,18.0,7.75,0,0,0,3,2.0,0,Not Survived,Male
777,28.0,7.75,0,0,0,3,1.0,0,Not Survived,Male
778,5.0,12.475,1,0,0,3,2.0,1,Survived,Female
779,28.0,7.7375,0,0,0,3,1.0,0,Not Survived,Male
780,43.0,211.3375,1,0,1,1,2.0,1,Survived,Female
781,13.0,7.2292,1,0,0,3,0.0,1,Survived,Female
782,17.0,57.0,1,1,0,1,2.0,1,Survived,Female
783,29.0,30.0,0,0,0,1,2.0,0,Not Survived,Male
784,28.0,23.45,0,1,2,3,2.0,0,Not Survived,Male
785,25.0,7.05,0,0,0,3,2.0,0,Not Survived,Male
786,25.0,7.25,0,0,0,3,2.0,0,Not Survived,Male
787,18.0,7.4958,1,0,0,3,2.0,1,Survived,Female
788,8.0,29.125,0,4,1,3,1.0,0,Not Survived,Male
789,1.0,20.575,0,1,2,3,2.0,1,Survived,Male
790,46.0,79.2,0,0,0,1,0.0,0,Not Survived,Male
791,28.0,7.75,0,0,0,3,1.0,0,Not Survived,Male
792,16.0,26.0,0,0,0,2,2.0,0,Not Survived,Male
793,28.0,69.55,1,8,2,3,2.0,0,Not Survived,Female
794,28.0,30.6958,0,0,0,1,0.0,0,Not Survived,Male
795,25.0,7.8958,0,0,0,3,2.0,0,Not Survived,Male
796,39.0,13.0,0,0,0,2,2.0,0,Not Survived,Male
797,49.0,25.9292,1,0,0,1,2.0,1,Survived,Female
798,31.0,8.6833,1,0,0,3,2.0,1,Survived,Female
799,30.0,7.2292,0,0,0,3,0.0,0,Not Survived,Male
800,30.0,24.15,1,1,1,3,2.0,0,Not Survived,Female
801,34.0,13.0,0,0,0,2,2.0,0,Not Survived,Male
802,31.0,26.25,1,1,1,2,2.0,1,Survived,Female
803,11.0,120.0,0,1,2,1,2.0,1,Survived,Male
804,0.42,8.5167,0,0,1,3,0.0,1,Survived,Male
805,27.0,6.975,0,0,0,3,2.0,1,Survived,Male
806,31.0,7.775,0,0,0,3,2.0,0,Not Survived,Male
807,39.0,0.0,0,0,0,1,2.0,0,Not Survived,Male
808,18.0,7.775,1,0,0,3,2.0,0,Not Survived,Female
809,39.0,13.0,0,0,0,2,2.0,0,Not Survived,Male
810,33.0,53.1,1,1,0,1,2.0,1,Survived,Female
811,26.0,7.8875,0,0,0,3,2.0,0,Not Survived,Male
812,39.0,24.15,0,0,0,3,2.0,0,Not Survived,Male
813,35.0,10.5,0,0,0,2,2.0,0,Not Survived,Male
814,6.0,31.275,1,4,2,3,2.0,0,Not Survived,Female
815,30.5,8.05,0,0,0,3,2.0,0,Not Survived,Male
816,28.0,0.0,0,0,0,1,2.0,0,Not Survived,Male
817,23.0,7.925,1,0,0,3,2.0,0,Not Survived,Female
818,31.0,37.0042,0,1,1,2,0.0,0,Not Survived,Male
819,43.0,6.45,0,0,0,3,2.0,0,Not Survived,Male
820,10.0,27.9,0,3,2,3,2.0,0,Not Survived,Male
821,52.0,93.5,1,1,1,1,2.0,1,Survived,Female
822,27.0,8.6625,0,0,0,3,2.0,1,Survived,Male
823,38.0,0.0,0,0,0,1,2.0,0,Not Survived,Male
824,27.0,12.475,1,0,1,3,2.0,1,Survived,Female
825,2.0,39.6875,0,4,1,3,2.0,0,Not Survived,Male
826,28.0,6.95,0,0,0,3,1.0,0,Not Survived,Male
827,28.0,56.4958,0,0,0,3,2.0,0,Not Survived,Male
828,1.0,37.0042,0,0,2,2,0.0,1,Survived,Male
829,28.0,7.75,0,0,0,3,1.0,1,Survived,Male
830,62.0,80.0,1,0,0,1,,1,Survived,Female
831,15.0,14.4542,1,1,0,3,0.0,1,Survived,Female
832,0.83,18.75,0,1,1,2,2.0,1,Survived,Male
833,28.0,7.2292,0,0,0,3,0.0,0,Not Survived,Male
834,23.0,7.8542,0,0,0,3,2.0,0,Not Survived,Male
835,18.0,8.3,0,0,0,3,2.0,0,Not Survived,Male
836,39.0,83.1583,1,1,1,1,0.0,1,Survived,Female
837,21.0,8.6625,0,0,0,3,2.0,0,Not Survived,Male
838,28.0,8.05,0,0,0,3,2.0,0,Not Survived,Male
839,32.0,56.4958,0,0,0,3,2.0,1,Survived,Male
840,28.0,29.7,0,0,0,1,0.0,1,Survived,Male
841,20.0,7.925,0,0,0,3,2.0,0,Not Survived,Male
842,16.0,10.5,0,0,0,2,2.0,0,Not Survived,Male
843,30.0,31.0,1,0,0,1,0.0,1,Survived,Female
844,34.5,6.4375,0,0,0,3,0.0,0,Not Survived,Male
845,17.0,8.6625,0,0,0,3,2.0,0,Not Survived,Male
846,42.0,7.55,0,0,0,3,2.0,0,Not Survived,Male
847,28.0,69.55,0,8,2,3,2.0,0,Not Survived,Male
848,35.0,7.8958,0,0,0,3,0.0,0,Not Survived,Male
849,28.0,33.0,0,0,1,2,2.0,0,Not Survived,Male
850,28.0,89.1042,1,1,0,1,0.0,1,Survived,Female
851,4.0,31.275,0,4,2,3,2.0,0,Not Survived,Male
852,74.0,7.775,0,0,0,3,2.0,0,Not Survived,Male
853,9.0,15.2458,1,1,1,3,0.0,0,Not Survived,Female
854,16.0,39.4,1,0,1,1,2.0,1,Survived,Female
855,44.0,26.0,1,1,0,2,2.0,0,Not Survived,Female
856,18.0,9.35,1,0,1,3,2.0,1,Survived,Female
857,45.0,164.8667,1,1,1,1,2.0,1,Survived,Female
858,51.0,26.55,0,0,0,1,2.0,1,Survived,Male
859,24.0,19.2583,1,0,3,3,0.0,1,Survived,Female
860,28.0,7.2292,0,0,0,3,0.0,0,Not Survived,Male
861,41.0,14.1083,0,2,0,3,2.0,0,Not Survived,Male
862,21.0,11.5,0,1,0,2,2.0,0,Not Survived,Male
863,48.0,25.9292,1,0,0,1,2.0,1,Survived,Female
864,28.0,69.55,1,8,2,3,2.0,0,Not Survived,Female
865,24.0,13.0,0,0,0,2,2.0,0,Not Survived,Male
866,42.0,13.0,1,0,0,2,2.0,1,Survived,Female
867,27.0,13.8583,1,1,0,2,0.0,1,Survived,Female
868,31.0,50.4958,0,0,0,1,2.0,0,Not Survived,Male
869,28.0,9.5,0,0,0,3,2.0,0,Not Survived,Male
870,4.0,11.1333,0,1,1,3,2.0,1,Survived,Male
871,26.0,7.8958,0,0,0,3,2.0,0,Not Survived,Male
872,47.0,52.5542,1,1,1,1,2.0,1,Survived,Female
873,33.0,5.0,0,0,0,1,2.0,0,Not Survived,Male
874,47.0,9.0,0,0,0,3,2.0,0,Not Survived,Male
875,28.0,24.0,1,1,0,2,0.0,1,Survived,Female
876,15.0,7.225,1,0,0,3,0.0,1,Survived,Female
877,20.0,9.8458,0,0,0,3,2.0,0,Not Survived,Male
878,19.0,7.8958,0,0,0,3,2.0,0,Not Survived,Male
879,28.0,7.8958,0,0,0,3,2.0,0,Not Survived,Male
880,56.0,83.1583,1,0,1,1,0.0,1,Survived,Female
881,25.0,26.0,1,0,1,2,2.0,1,Survived,Female
882,33.0,7.8958,0,0,0,3,2.0,0,Not Survived,Male
883,22.0,10.5167,1,0,0,3,2.0,0,Not Survived,Female
884,28.0,10.5,0,0,0,2,2.0,0,Not Survived,Male
885,25.0,7.05,0,0,0,3,2.0,0,Not Survived,Male
886,39.0,29.125,1,0,5,3,1.0,0,Not Survived,Female
887,27.0,13.0,0,0,0,2,2.0,0,Not Survived,Male
888,19.0,30.0,1,0,0,1,2.0,1,Survived,Female
889,28.0,23.45,1,1,2,3,2.0,0,Not Survived,Female
890,26.0,30.0,0,0,0,1,0.0,1,Survived,Male
891,32.0,7.75,0,0,0,3,1.0,0,Not Survived,Male
892,34.5,7.8292,0,0,0,3,1.0,0,Not Survived,Male
893,47.0,7.0,1,1,0,3,2.0,0,Not Survived,Female
894,62.0,9.6875,0,0,0,2,1.0,0,Not Survived,Male
895,27.0,8.6625,0,0,0,3,2.0,0,Not Survived,Male
896,22.0,12.2875,1,1,1,3,2.0,0,Not Survived,Female
897,14.0,9.225,0,0,0,3,2.0,0,Not Survived,Male
898,30.0,7.6292,1,0,0,3,1.0,0,Not Survived,Female
899,26.0,29.0,0,1,1,2,2.0,0,Not Survived,Male
900,18.0,7.2292,1,0,0,3,0.0,0,Not Survived,Female
901,21.0,24.15,0,2,0,3,2.0,0,Not Survived,Male
902,28.0,7.8958,0,0,0,3,2.0,0,Not Survived,Male
903,46.0,26.0,0,0,0,1,2.0,0,Not Survived,Male
904,23.0,82.2667,1,1,0,1,2.0,0,Not Survived,Female
905,63.0,26.0,0,1,0,2,2.0,0,Not Survived,Male
906,47.0,61.175,1,1,0,1,2.0,0,Not Survived,Female
907,24.0,27.7208,1,1,0,2,0.0,0,Not Survived,Female
908,35.0,12.35,0,0,0,2,1.0,0,Not Survived,Male
909,21.0,7.225,0,0,0,3,0.0,0,Not Survived,Male
910,27.0,7.925,1,1,0,3,2.0,0,Not Survived,Female
911,45.0,7.225,1,0,0,3,0.0,0,Not Survived,Female
912,55.0,59.4,0,1,0,1,0.0,0,Not Survived,Male
913,9.0,3.1708,0,0,1,3,2.0,0,Not Survived,Male
914,28.0,31.6833,1,0,0,1,2.0,0,Not Survived,Female
915,21.0,61.3792,0,0,1,1,0.0,0,Not Survived,Male
916,48.0,262.375,1,1,3,1,0.0,0,Not Survived,Female
917,50.0,14.5,0,1,0,3,2.0,0,Not Survived,Male
918,22.0,61.9792,1,0,1,1,0.0,0,Not Survived,Female
919,22.5,7.225,0,0,0,3,0.0,0,Not Survived,Male
920,41.0,30.5,0,0,0,1,2.0,0,Not Survived,Male
921,28.0,21.6792,0,2,0,3,0.0,0,Not Survived,Male
922,50.0,26.0,0,1,0,2,2.0,0,Not Survived,Male
923,24.0,31.5,0,2,0,2,2.0,0,Not Survived,Male
924,33.0,20.575,1,1,2,3,2.0,0,Not Survived,Female
925,28.0,23.45,1,1,2,3,2.0,0,Not Survived,Female
926,30.0,57.75,0,1,0,1,0.0,0,Not Survived,Male
927,18.5,7.2292,0,0,0,3,0.0,0,Not Survived,Male
928,28.0,8.05,1,0,0,3,2.0,0,Not Survived,Female
929,21.0,8.6625,1,0,0,3,2.0,0,Not Survived,Female
930,25.0,9.5,0,0,0,3,2.0,0,Not Survived,Male
931,28.0,56.4958,0,0,0,3,2.0,0,Not Survived,Male
932,39.0,13.4167,0,0,1,3,0.0,0,Not Survived,Male
933,28.0,26.55,0,0,0,1,2.0,0,Not Survived,Male
934,41.0,7.85,0,0,0,3,2.0,0,Not Survived,Male
935,30.0,13.0,1,0,0,2,2.0,0,Not Survived,Female
936,45.0,52.5542,1,1,0,1,2.0,0,Not Survived,Female
937,25.0,7.925,0,0,0,3,2.0,0,Not Survived,Male
938,45.0,29.7,0,0,0,1,0.0,0,Not Survived,Male
939,28.0,7.75,0,0,0,3,1.0,0,Not Survived,Male
940,60.0,76.2917,1,0,0,1,0.0,0,Not Survived,Female
941,36.0,15.9,1,0,2,3,2.0,0,Not Survived,Female
942,24.0,60.0,0,1,0,1,2.0,0,Not Survived,Male
943,27.0,15.0333,0,0,0,2,0.0,0,Not Survived,Male
944,20.0,23.0,1,2,1,2,2.0,0,Not Survived,Female
945,28.0,263.0,1,3,2,1,2.0,0,Not Survived,Female
946,28.0,15.5792,0,0,0,2,0.0,0,Not Survived,Male
947,10.0,29.125,0,4,1,3,1.0,0,Not Survived,Male
948,35.0,7.8958,0,0,0,3,2.0,0,Not Survived,Male
949,25.0,7.65,0,0,0,3,2.0,0,Not Survived,Male
950,28.0,16.1,0,1,0,3,2.0,0,Not Survived,Male
951,36.0,262.375,1,0,0,1,0.0,0,Not Survived,Female
952,17.0,7.8958,0,0,0,3,2.0,0,Not Survived,Male
953,32.0,13.5,0,0,0,2,2.0,0,Not Survived,Male
954,18.0,7.75,0,0,0,3,2.0,0,Not Survived,Male
955,22.0,7.725,1,0,0,3,1.0,0,Not Survived,Female
956,13.0,262.375,0,2,2,1,0.0,0,Not Survived,Male
957,28.0,21.0,1,0,0,2,2.0,0,Not Survived,Female
958,18.0,7.8792,1,0,0,3,1.0,0,Not Survived,Female
959,47.0,42.4,0,0,0,1,2.0,0,Not Survived,Male
960,31.0,28.5375,0,0,0,1,0.0,0,Not Survived,Male
961,60.0,263.0,1,1,4,1,2.0,0,Not Survived,Female
962,24.0,7.75,1,0,0,3,1.0,0,Not Survived,Female
963,21.0,7.8958,0,0,0,3,2.0,0,Not Survived,Male
964,29.0,7.925,1,0,0,3,2.0,0,Not Survived,Female
965,28.5,27.7208,0,0,0,1,0.0,0,Not Survived,Male
966,35.0,211.5,1,0,0,1,0.0,0,Not Survived,Female
967,32.5,211.5,0,0,0,1,0.0,0,Not Survived,Male
968,28.0,8.05,0,0,0,3,2.0,0,Not Survived,Male
969,55.0,25.7,1,2,0,1,2.0,0,Not Survived,Female
970,30.0,13.0,0,0,0,2,2.0,0,Not Survived,Male
971,24.0,7.75,1,0,0,3,1.0,0,Not Survived,Female
972,6.0,15.2458,0,1,1,3,0.0,0,Not Survived,Male
973,67.0,221.7792,0,1,0,1,2.0,0,Not Survived,Male
974,49.0,26.0,0,0,0,1,2.0,0,Not Survived,Male
975,28.0,7.8958,0,0,0,3,2.0,0,Not Survived,Male
976,28.0,10.7083,0,0,0,2,1.0,0,Not Survived,Male
977,28.0,14.4542,0,1,0,3,0.0,0,Not Survived,Male
978,27.0,7.8792,1,0,0,3,1.0,0,Not Survived,Female
979,18.0,8.05,1,0,0,3,2.0,0,Not Survived,Female
980,28.0,7.75,1,0,0,3,1.0,0,Not Survived,Female
981,2.0,23.0,0,1,1,2,2.0,0,Not Survived,Male
982,22.0,13.9,1,1,0,3,2.0,0,Not Survived,Female
983,28.0,7.775,0,0,0,3,2.0,0,Not Survived,Male
984,27.0,52.0,1,1,2,1,2.0,0,Not Survived,Female
985,28.0,8.05,0,0,0,3,2.0,0,Not Survived,Male
986,25.0,26.0,0,0,0,1,0.0,0,Not Survived,Male
987,25.0,7.7958,0,0,0,3,2.0,0,Not Survived,Male
988,76.0,78.85,1,1,0,1,2.0,0,Not Survived,Female
989,29.0,7.925,0,0,0,3,2.0,0,Not Survived,Male
990,20.0,7.8542,1,0,0,3,2.0,0,Not Survived,Female
991,33.0,8.05,0,0,0,3,2.0,0,Not Survived,Male
992,43.0,55.4417,1,1,0,1,0.0,0,Not Survived,Female
993,27.0,26.0,0,1,0,2,2.0,0,Not Survived,Male
994,28.0,7.75,0,0,0,3,1.0,0,Not Survived,Male
995,26.0,7.775,0,0,0,3,2.0,0,Not Survived,Male
996,16.0,8.5167,1,1,1,3,0.0,0,Not Survived,Female
997,28.0,22.525,0,0,0,3,2.0,0,Not Survived,Male
998,21.0,7.8208,0,0,0,3,1.0,0,Not Survived,Male
999,28.0,7.75,0,0,0,3,1.0,0,Not Survived,Male
1000,28.0,8.7125,0,0,0,3,2.0,0,Not Survived,Male
1001,18.5,13.0,0,0,0,2,2.0,0,Not Survived,Male
1002,41.0,15.0458,0,0,0,2,0.0,0,Not Survived,Male
1003,28.0,7.7792,1,0,0,3,1.0,0,Not Survived,Female
1004,36.0,31.6792,1,0,0,1,0.0,0,Not Survived,Female
1005,18.5,7.2833,1,0,0,3,1.0,0,Not Survived,Female
1006,63.0,221.7792,1,1,0,1,2.0,0,Not Survived,Female
1007,18.0,14.4542,0,1,0,3,0.0,0,Not Survived,Male
1008,28.0,6.4375,0,0,0,3,0.0,0,Not Survived,Male
1009,1.0,16.7,1,1,1,3,2.0,0,Not Survived,Female
1010,36.0,75.2417,0,0,0,1,0.0,0,Not Survived,Male
1011,29.0,26.0,1,1,0,2,2.0,0,Not Survived,Female
1012,12.0,15.75,1,0,0,2,2.0,0,Not Survived,Female
1013,28.0,7.75,0,1,0,3,1.0,0,Not Survived,Male
1014,35.0,57.75,1,1,0,1,0.0,0,Not Survived,Female
1015,28.0,7.25,0,0,0,3,2.0,0,Not Survived,Male
1016,28.0,7.75,0,0,0,3,1.0,0,Not Survived,Male
1017,17.0,16.1,1,0,1,3,2.0,0,Not Survived,Female
1018,22.0,7.7958,0,0,0,3,2.0,0,Not Survived,Male
1019,28.0,23.25,1,2,0,3,1.0,0,Not Survived,Female
1020,42.0,13.0,0,0,0,2,2.0,0,Not Survived,Male
1021,24.0,8.05,0,0,0,3,2.0,0,Not Survived,Male
1022,32.0,8.05,0,0,0,3,2.0,0,Not Survived,Male
1023,53.0,28.5,0,0,0,1,0.0,0,Not Survived,Male
1024,28.0,25.4667,1,0,4,3,2.0,0,Not Survived,Female
1025,28.0,6.4375,0,1,0,3,0.0,0,Not Survived,Male
1026,43.0,7.8958,0,0,0,3,2.0,0,Not Survived,Male
1027,24.0,7.8542,0,0,0,3,2.0,0,Not Survived,Male
1028,26.5,7.225,0,0,0,3,0.0,0,Not Survived,Male
1029,26.0,13.0,0,0,0,2,2.0,0,Not Survived,Male
1030,23.0,8.05,1,0,0,3,2.0,0,Not Survived,Female
1031,40.0,46.9,0,1,6,3,2.0,0,Not Survived,Male
1032,10.0,46.9,1,5,2,3,2.0,0,Not Survived,Female
1033,33.0,151.55,1,0,0,1,2.0,0,Not Survived,Female
1034,61.0,262.375,0,1,3,1,0.0,0,Not Survived,Male
1035,28.0,26.0,0,0,0,2,2.0,0,Not Survived,Male
1036,42.0,26.55,0,0,0,1,2.0,0,Not Survived,Male
1037,31.0,18.0,0,3,0,3,2.0,0,Not Survived,Male
1038,28.0,51.8625,0,0,0,1,2.0,0,Not Survived,Male
1039,22.0,8.05,0,0,0,3,2.0,0,Not Survived,Male
1040,28.0,26.55,0,0,0,1,2.0,0,Not Survived,Male
1041,30.0,26.0,0,1,1,2,2.0,0,Not Survived,Male
1042,23.0,83.1583,1,0,1,1,0.0,0,Not Survived,Female
1043,28.0,7.8958,0,0,0,3,0.0,0,Not Survived,Male
1044,60.5,14.4542,0,0,0,3,2.0,0,Not Survived,Male
1045,36.0,12.1833,1,0,2,3,2.0,0,Not Survived,Female
1046,13.0,31.3875,0,4,2,3,2.0,0,Not Survived,Male
1047,24.0,7.55,0,0,0,3,2.0,0,Not Survived,Male
1048,29.0,221.7792,1,0,0,1,2.0,0,Not Survived,Female
1049,23.0,7.8542,1,0,0,3,2.0,0,Not Survived,Female
1050,42.0,26.55,0,0,0,1,2.0,0,Not Survived,Male
1051,26.0,13.775,1,0,2,3,2.0,0,Not Survived,Female
1052,28.0,7.7333,1,0,0,3,1.0,0,Not Survived,Female
1053,7.0,15.2458,0,1,1,3,0.0,0,Not Survived,Male
1054,26.0,13.5,1,0,0,2,2.0,0,Not Survived,Female
1055,28.0,7.0,0,0,0,3,2.0,0,Not Survived,Male
1056,41.0,13.0,0,0,0,2,2.0,0,Not Survived,Male
1057,26.0,22.025,1,1,1,3,2.0,0,Not Survived,Female
1058,48.0,50.4958,0,0,0,1,0.0,0,Not Survived,Male
1059,18.0,34.375,0,2,2,3,2.0,0,Not Survived,Male
1060,28.0,27.7208,1,0,0,1,0.0,0,Not Survived,Female
1061,22.0,8.9625,1,0,0,3,2.0,0,Not Survived,Female
1062,28.0,7.55,0,0,0,3,2.0,0,Not Survived,Male
1063,27.0,7.225,0,0,0,3,0.0,0,Not Survived,Male
1064,23.0,13.9,0,1,0,3,2.0,0,Not Survived,Male
1065,28.0,7.2292,0,0,0,3,0.0,0,Not Survived,Male
1066,40.0,31.3875,0,1,5,3,2.0,0,Not Survived,Male
1067,15.0,39.0,1,0,2,2,2.0,0,Not Survived,Female
1068,20.0,36.75,1,0,0,2,2.0,0,Not Survived,Female
1069,54.0,55.4417,0,1,0,1,0.0,0,Not Survived,Male
1070,36.0,39.0,1,0,3,2,2.0,0,Not Survived,Female
1071,64.0,83.1583,1,0,2,1,0.0,0,Not Survived,Female
1072,30.0,13.0,0,0,0,2,2.0,0,Not Survived,Male
1073,37.0,83.1583,0,1,1,1,0.0,0,Not Survived,Male
1074,18.0,53.1,1,1,0,1,2.0,0,Not Survived,Female
1075,28.0,7.75,0,0,0,3,1.0,0,Not Survived,Male
1076,27.0,247.5208,1,1,1,1,0.0,0,Not Survived,Female
1077,40.0,16.0,0,0,0,2,2.0,0,Not Survived,Male
1078,21.0,21.0,1,0,1,2,2.0,0,Not Survived,Female
1079,17.0,8.05,0,2,0,3,2.0,0,Not Survived,Male
1080,28.0,69.55,1,8,2,3,2.0,0,Not Survived,Female
1081,40.0,13.0,0,0,0,2,2.0,0,Not Survived,Male
1082,34.0,26.0,0,1,0,2,2.0,0,Not Survived,Male
1083,28.0,26.0,0,0,0,1,2.0,0,Not Survived,Male
1084,11.5,14.5,0,1,1,3,2.0,0,Not Survived,Male
1085,61.0,12.35,0,0,0,2,1.0,0,Not Survived,Male
1086,8.0,32.5,0,0,2,2,2.0,0,Not Survived,Male
1087,33.0,7.8542,0,0,0,3,2.0,0,Not Survived,Male
1088,6.0,134.5,0,0,2,1,0.0,0,Not Survived,Male
1089,18.0,7.775,1,0,0,3,2.0,0,Not Survived,Female
1090,23.0,10.5,0,0,0,2,2.0,0,Not Survived,Male
1091,28.0,8.1125,1,0,0,3,2.0,0,Not Survived,Female
1092,28.0,15.5,1,0,0,3,1.0,0,Not Survived,Female
1093,0.33,14.4,0,0,2,3,2.0,0,Not Survived,Male
1094,47.0,227.525,0,1,0,1,0.0,0,Not Survived,Male
1095,8.0,26.0,1,1,1,2,2.0,0,Not Survived,Female
1096,25.0,10.5,0,0,0,2,2.0,0,Not Survived,Male
1097,28.0,25.7417,0,0,0,1,0.0,0,Not Survived,Male
1098,35.0,7.75,1,0,0,3,1.0,0,Not Survived,Female
1099,24.0,10.5,0,0,0,2,2.0,0,Not Survived,Male
1100,33.0,27.7208,1,0,0,1,0.0,0,Not Survived,Female
1101,25.0,7.8958,0,0,0,3,2.0,0,Not Survived,Male
1102,32.0,22.525,0,0,0,3,2.0,0,Not Survived,Male
1103,28.0,7.05,0,0,0,3,2.0,0,Not Survived,Male
1104,17.0,73.5,0,0,0,2,2.0,0,Not Survived,Male
1105,60.0,26.0,1,1,0,2,2.0,0,Not Survived,Female
1106,38.0,7.775,1,4,2,3,2.0,0,Not Survived,Female
1107,42.0,42.5,0,0,0,1,2.0,0,Not Survived,Male
1108,28.0,7.8792,1,0,0,3,1.0,0,Not Survived,Female
1109,57.0,164.8667,0,1,1,1,2.0,0,Not Survived,Male
1110,50.0,211.5,1,1,1,1,0.0,0,Not Survived,Female
1111,28.0,8.05,0,0,0,3,2.0,0,Not Survived,Male
1112,30.0,13.8583,1,1,0,2,0.0,0,Not Survived,Female
1113,21.0,8.05,0,0,0,3,2.0,0,Not Survived,Male
1114,22.0,10.5,1,0,0,2,2.0,0,Not Survived,Female
1115,21.0,7.7958,0,0,0,3,2.0,0,Not Survived,Male
1116,53.0,27.4458,1,0,0,1,0.0,0,Not Survived,Female
1117,28.0,15.2458,1,0,2,3,0.0,0,Not Survived,Female
1118,23.0,7.7958,0,0,0,3,2.0,0,Not Survived,Male
1119,28.0,7.75,1,0,0,3,1.0,0,Not Survived,Female
1120,40.5,15.1,0,0,0,3,2.0,0,Not Survived,Male
1121,36.0,13.0,0,0,0,2,2.0,0,Not Survived,Male
1122,14.0,65.0,0,0,0,2,2.0,0,Not Survived,Male
1123,21.0,26.55,1,0,0,1,2.0,0,Not Survived,Female
1124,21.0,6.4958,0,1,0,3,2.0,0,Not Survived,Male
1125,28.0,7.8792,0,0,0,3,1.0,0,Not Survived,Male
1126,39.0,71.2833,0,1,0,1,0.0,0,Not Survived,Male
1127,20.0,7.8542,0,0,0,3,2.0,0,Not Survived,Male
1128,64.0,75.25,0,1,0,1,0.0,0,Not Survived,Male
1129,20.0,7.225,0,0,0,3,0.0,0,Not Survived,Male
1130,18.0,13.0,1,1,1,2,2.0,0,Not Survived,Female
1131,48.0,106.425,1,1,0,1,0.0,0,Not Survived,Female
1132,55.0,27.7208,1,0,0,1,0.0,0,Not Survived,Female
1133,45.0,30.0,1,0,2,2,2.0,0,Not Survived,Female
1134,45.0,134.5,0,1,1,1,0.0,0,Not Survived,Male
1135,28.0,7.8875,0,0,0,3,2.0,0,Not Survived,Male
1136,28.0,23.45,0,1,2,3,2.0,0,Not Survived,Male
1137,41.0,51.8625,0,1,0,1,2.0,0,Not Survived,Male
1138,22.0,21.0,1,0,0,2,2.0,0,Not Survived,Female
1139,42.0,32.5,0,1,1,2,2.0,0,Not Survived,Male
1140,29.0,26.0,1,1,0,2,2.0,0,Not Survived,Female
1141,28.0,14.4542,1,1,0,3,0.0,0,Not Survived,Female
1142,0.92,27.75,1,1,2,2,2.0,0,Not Survived,Female
1143,20.0,7.925,0,0,0,3,2.0,0,Not Survived,Male
1144,27.0,136.7792,0,1,0,1,0.0,0,Not Survived,Male
1145,24.0,9.325,0,0,0,3,2.0,0,Not Survived,Male
1146,32.5,9.5,0,0,0,3,2.0,0,Not Survived,Male
1147,28.0,7.55,0,0,0,3,2.0,0,Not Survived,Male
1148,28.0,7.75,0,0,0,3,1.0,0,Not Survived,Male
1149,28.0,8.05,0,0,0,3,2.0,0,Not Survived,Male
1150,19.0,13.0,1,0,0,2,2.0,0,Not Survived,Female
1151,21.0,7.775,0,0,0,3,2.0,0,Not Survived,Male
1152,36.5,17.4,0,1,0,3,2.0,0,Not Survived,Male
1153,21.0,7.8542,0,0,0,3,2.0,0,Not Survived,Male
1154,29.0,23.0,1,0,2,2,2.0,0,Not Survived,Female
1155,1.0,12.1833,1,1,1,3,2.0,0,Not Survived,Female
1156,30.0,12.7375,0,0,0,2,0.0,0,Not Survived,Male
1157,28.0,7.8958,0,0,0,3,2.0,0,Not Survived,Male
1158,28.0,0.0,0,0,0,1,2.0,0,Not Survived,Male
1159,28.0,7.55,0,0,0,3,2.0,0,Not Survived,Male
1160,28.0,8.05,1,0,0,3,2.0,0,Not Survived,Female
1161,17.0,8.6625,0,0,0,3,2.0,0,Not Survived,Male
1162,46.0,75.2417,0,0,0,1,0.0,0,Not Survived,Male
1163,28.0,7.75,0,0,0,3,1.0,0,Not Survived,Male
1164,26.0,136.7792,1,1,0,1,0.0,0,Not Survived,Female
1165,28.0,15.5,1,1,0,3,1.0,0,Not Survived,Female
1166,28.0,7.225,0,0,0,3,0.0,0,Not Survived,Male
1167,20.0,26.0,1,1,0,2,2.0,0,Not Survived,Female
1168,28.0,10.5,0,0,0,2,2.0,0,Not Survived,Male
1169,40.0,26.0,0,1,0,2,2.0,0,Not Survived,Male
1170,30.0,21.0,0,1,0,2,2.0,0,Not Survived,Male
1171,22.0,10.5,0,0,0,2,2.0,0,Not Survived,Male
1172,23.0,8.6625,1,0,0,3,2.0,0,Not Survived,Female
1173,0.75,13.775,0,1,1,3,2.0,0,Not Survived,Male
1174,28.0,7.75,1,0,0,3,1.0,0,Not Survived,Female
1175,9.0,15.2458,1,1,1,3,0.0,0,Not Survived,Female
1176,2.0,20.2125,1,1,1,3,2.0,0,Not Survived,Female
1177,36.0,7.25,0,0,0,3,2.0,0,Not Survived,Male
1178,28.0,7.25,0,0,0,3,2.0,0,Not Survived,Male
1179,24.0,82.2667,0,1,0,1,2.0,0,Not Survived,Male
1180,28.0,7.2292,0,0,0,3,0.0,0,Not Survived,Male
1181,28.0,8.05,0,0,0,3,2.0,0,Not Survived,Male
1182,28.0,39.6,0,0,0,1,2.0,0,Not Survived,Male
1183,30.0,6.95,1,0,0,3,1.0,0,Not Survived,Female
1184,28.0,7.2292,0,0,0,3,0.0,0,Not Survived,Male
1185,53.0,81.8583,0,1,1,1,2.0,0,Not Survived,Male
1186,36.0,9.5,0,0,0,3,2.0,0,Not Survived,Male
1187,26.0,7.8958,0,0,0,3,2.0,0,Not Survived,Male
1188,1.0,41.5792,1,1,2,2,0.0,0,Not Survived,Female
1189,28.0,21.6792,0,2,0,3,0.0,0,Not Survived,Male
1190,30.0,45.5,0,0,0,1,2.0,0,Not Survived,Male
1191,29.0,7.8542,0,0,0,3,2.0,0,Not Survived,Male
1192,32.0,7.775,0,0,0,3,2.0,0,Not Survived,Male
1193,28.0,15.0458,0,0,0,2,0.0,0,Not Survived,Male
1194,43.0,21.0,0,0,1,2,2.0,0,Not Survived,Male
1195,24.0,8.6625,0,0,0,3,2.0,0,Not Survived,Male
1196,28.0,7.75,1,0,0,3,1.0,0,Not Survived,Female
1197,64.0,26.55,1,1,1,1,2.0,0,Not Survived,Female
1198,30.0,151.55,0,1,2,1,2.0,0,Not Survived,Male
1199,0.83,9.35,0,0,1,3,2.0,0,Not Survived,Male
1200,55.0,93.5,0,1,1,1,2.0,0,Not Survived,Male
1201,45.0,14.1083,1,1,0,3,2.0,0,Not Survived,Female
1202,18.0,8.6625,0,0,0,3,2.0,0,Not Survived,Male
1203,22.0,7.225,0,0,0,3,0.0,0,Not Survived,Male
1204,28.0,7.575,0,0,0,3,2.0,0,Not Survived,Male
1205,37.0,7.75,1,0,0,3,1.0,0,Not Survived,Female
1206,55.0,135.6333,1,0,0,1,0.0,0,Not Survived,Female
1207,17.0,7.7333,1,0,0,3,1.0,0,Not Survived,Female
1208,57.0,146.5208,0,1,0,1,0.0,0,Not Survived,Male
1209,19.0,10.5,0,0,0,2,2.0,0,Not Survived,Male
1210,27.0,7.8542,0,0,0,3,2.0,0,Not Survived,Male
1211,22.0,31.5,0,2,0,2,2.0,0,Not Survived,Male
1212,26.0,7.775,0,0,0,3,2.0,0,Not Survived,Male
1213,25.0,7.2292,0,0,0,3,0.0,0,Not Survived,Male
1214,26.0,13.0,0,0,0,2,2.0,0,Not Survived,Male
1215,33.0,26.55,0,0,0,1,2.0,0,Not Survived,Male
1216,39.0,211.3375,1,0,0,1,2.0,0,Not Survived,Female
1217,23.0,7.05,0,0,0,3,2.0,0,Not Survived,Male
1218,12.0,39.0,1,2,1,2,2.0,0,Not Survived,Female
1219,46.0,79.2,0,0,0,1,0.0,0,Not Survived,Male
1220,29.0,26.0,0,1,0,2,2.0,0,Not Survived,Male
1221,21.0,13.0,0,0,0,2,2.0,0,Not Survived,Male
1222,48.0,36.75,1,0,2,2,2.0,0,Not Survived,Female
1223,39.0,29.7,0,0,0,1,0.0,0,Not Survived,Male
1224,28.0,7.225,0,0,0,3,0.0,0,Not Survived,Male
1225,19.0,15.7417,1,1,1,3,0.0,0,Not Survived,Female
1226,27.0,7.8958,0,0,0,3,2.0,0,Not Survived,Male
1227,30.0,26.0,0,0,0,1,2.0,0,Not Survived,Male
1228,32.0,13.0,0,0,0,2,2.0,0,Not Survived,Male
1229,39.0,7.2292,0,0,2,3,0.0,0,Not Survived,Male
1230,25.0,31.5,0,0,0,2,2.0,0,Not Survived,Male
1231,28.0,7.2292,0,0,0,3,0.0,0,Not Survived,Male
1232,18.0,10.5,0,0,0,2,2.0,0,Not Survived,Male
1233,32.0,7.5792,0,0,0,3,2.0,0,Not Survived,Male
1234,28.0,69.55,0,1,9,3,2.0,0,Not Survived,Male
1235,58.0,512.3292,1,0,1,1,0.0,0,Not Survived,Female
1236,28.0,14.5,0,1,1,3,2.0,0,Not Survived,Male
1237,16.0,7.65,1,0,0,3,2.0,0,Not Survived,Female
1238,26.0,13.0,0,0,0,2,2.0,0,Not Survived,Male
1239,38.0,7.2292,1,0,0,3,0.0,0,Not Survived,Female
1240,24.0,13.5,0,0,0,2,2.0,0,Not Survived,Male
1241,31.0,21.0,1,0,0,2,2.0,0,Not Survived,Female
1242,45.0,63.3583,1,0,1,1,0.0,0,Not Survived,Female
1243,25.0,10.5,0,0,0,2,2.0,0,Not Survived,Male
1244,18.0,73.5,0,0,0,2,2.0,0,Not Survived,Male
1245,49.0,65.0,0,1,2,2,2.0,0,Not Survived,Male
1246,0.17,20.575,1,1,2,3,2.0,0,Not Survived,Female
1247,50.0,26.0,0,0,0,1,2.0,0,Not Survived,Male
1248,59.0,51.4792,1,2,0,1,2.0,0,Not Survived,Female
1249,28.0,7.8792,0,0,0,3,2.0,0,Not Survived,Male
1250,28.0,7.75,0,0,0,3,1.0,0,Not Survived,Male
1251,30.0,15.55,1,1,0,3,2.0,0,Not Survived,Female
1252,14.5,69.55,0,8,2,3,2.0,0,Not Survived,Male
1253,24.0,37.0042,1,1,1,2,0.0,0,Not Survived,Female
1254,31.0,21.0,1,0,0,2,2.0,0,Not Survived,Female
1255,27.0,8.6625,0,0,0,3,2.0,0,Not Survived,Male
1256,25.0,55.4417,1,1,0,1,0.0,0,Not Survived,Female
1257,28.0,69.55,1,1,9,3,2.0,0,Not Survived,Female
1258,28.0,14.4583,0,1,0,3,0.0,0,Not Survived,Male
1259,22.0,39.6875,1,0,0,3,2.0,0,Not Survived,Female
1260,45.0,59.4,1,0,1,1,0.0,0,Not Survived,Female
1261,29.0,13.8583,0,0,0,2,0.0,0,Not Survived,Male
1262,21.0,11.5,0,1,0,2,2.0,0,Not Survived,Male
1263,31.0,134.5,1,0,0,1,0.0,0,Not Survived,Female
1264,49.0,0.0,0,0,0,1,2.0,0,Not Survived,Male
1265,44.0,13.0,0,0,0,2,2.0,0,Not Survived,Male
1266,54.0,81.8583,1,1,1,1,2.0,0,Not Survived,Female
1267,45.0,262.375,1,0,0,1,0.0,0,Not Survived,Female
1268,22.0,8.6625,1,2,0,3,2.0,0,Not Survived,Female
1269,21.0,11.5,0,0,0,2,2.0,0,Not Survived,Male
1270,55.0,50.0,0,0,0,1,2.0,0,Not Survived,Male
1271,5.0,31.3875,0,4,2,3,2.0,0,Not Survived,Male
1272,28.0,7.75,0,0,0,3,1.0,0,Not Survived,Male
1273,26.0,7.8792,0,0,0,3,1.0,0,Not Survived,Male
1274,28.0,14.5,1,0,0,3,2.0,0,Not Survived,Female
1275,19.0,16.1,1,1,0,3,2.0,0,Not Survived,Female
1276,28.0,12.875,0,0,0,2,2.0,0,Not Survived,Male
1277,24.0,65.0,1,1,2,2,2.0,0,Not Survived,Female
1278,24.0,7.775,0,0,0,3,2.0,0,Not Survived,Male
1279,57.0,13.0,0,0,0,2,2.0,0,Not Survived,Male
1280,21.0,7.75,0,0,0,3,1.0,0,Not Survived,Male
1281,6.0,21.075,0,3,1,3,2.0,0,Not Survived,Male
1282,23.0,93.5,0,0,0,1,2.0,0,Not Survived,Male
1283,51.0,39.4,1,0,1,1,2.0,0,Not Survived,Female
1284,13.0,20.25,0,0,2,3,2.0,0,Not Survived,Male
1285,47.0,10.5,0,0,0,2,2.0,0,Not Survived,Male
1286,29.0,22.025,0,3,1,3,2.0,0,Not Survived,Male
1287,18.0,60.0,1,1,0,1,2.0,0,Not Survived,Female
1288,24.0,7.25,0,0,0,3,1.0,0,Not Survived,Male
1289,48.0,79.2,1,1,1,1,0.0,0,Not Survived,Female
1290,22.0,7.775,0,0,0,3,2.0,0,Not Survived,Male
1291,31.0,7.7333,0,0,0,3,1.0,0,Not Survived,Male
1292,30.0,164.8667,1,0,0,1,2.0,0,Not Survived,Female
1293,38.0,21.0,0,1,0,2,2.0,0,Not Survived,Male
1294,22.0,59.4,1,0,1,1,0.0,0,Not Survived,Female
1295,17.0,47.1,0,0,0,1,2.0,0,Not Survived,Male
1296,43.0,27.7208,0,1,0,1,0.0,0,Not Survived,Male
1297,20.0,13.8625,0,0,0,2,0.0,0,Not Survived,Male
1298,23.0,10.5,0,1,0,2,2.0,0,Not Survived,Male
1299,50.0,211.5,0,1,1,1,0.0,0,Not Survived,Male
1300,28.0,7.7208,1,0,0,3,1.0,0,Not Survived,Female
1301,3.0,13.775,1,1,1,3,2.0,0,Not Survived,Female
1302,28.0,7.75,1,0,0,3,1.0,0,Not Survived,Female
1303,37.0,90.0,1,1,0,1,1.0,0,Not Survived,Female
1304,28.0,7.775,1,0,0,3,2.0,0,Not Survived,Female
1305,28.0,8.05,0,0,0,3,2.0,0,Not Survived,Male
1306,39.0,108.9,1,0,0,1,0.0,0,Not Survived,Female
1307,38.5,7.25,0,0,0,3,2.0,0,Not Survived,Male
1308,28.0,8.05,0,0,0,3,2.0,0,Not Survived,Male
1309,28.0,22.3583,0,1,1,3,0.0,0,Not Survived,Male
